--
-- PostgreSQL database dump
--

-- Dumped from database version 17.4
BEGIN;

SET statement_timeout = 0;
SET lock_timeout = 0;
SET idle_in_transaction_session_timeout = 0;
SET client_encoding = 'UTF8';
SET standard_conforming_strings = on;
SELECT pg_catalog.set_config('search_path', '', false);
SET check_function_bodies = false;
SET xmloption = content;
SET client_min_messages = warning;
SET row_security = off;

-- Ensure seeding is idempotent by clearing existing data first
TRUNCATE public.link_tags,
		 public.links,
		 public.tags,
		 public.category_shares,
		 public.link_shares,
		 public.groups,
		 public.group_members,
		 public.categories,
		 public.users
		 RESTART IDENTITY CASCADE;

--
-- Data for Name: users; Type: TABLE DATA; Schema: public; Owner: -
--

INSERT INTO public.users (id, email, full_name, role, theme, created_at) VALUES ('342c8533-be56-4ff0-be0d-6128c1b20fb0', 'kost@adminreal.cz', 'Milan', 'admin', 'light', '2025-10-23 16:09:11.895098+00');
INSERT INTO public.users (id, email, full_name, role, theme, created_at) VALUES ('27f0d1c6-df9f-4e06-b3a5-38771087ed78', 'info@adminreal.cz', 'Zuzana', 'user', 'light', '2025-10-23 16:09:11.895098+00');
INSERT INTO public.users (id, email, full_name, role, theme, created_at) VALUES ('de018379-22b6-4a26-ac57-1ba1180103a9', 'dvorak@adminreal.cz', 'David', 'user', 'light', '2025-10-23 16:09:11.895098+00');
INSERT INTO public.users (id, email, full_name, role, theme, created_at) VALUES ('77fa5a39-bc3b-41b0-be1f-259dcd64da6a', 'faktury@adminreal.cz', 'Iveta', 'user', 'light', '2025-10-23 16:09:11.895098+00');


--
-- Data for Name: categories; Type: TABLE DATA; Schema: public; Owner: -
--

INSERT INTO public.categories (id, name, owner_id, is_archived, display_order, created_at, color_hex) VALUES ('dd7e9f0f-c195-41a1-bbc8-2a04103df765', 'Portaly', '342c8533-be56-4ff0-be0d-6128c1b20fb0', false, 0, '2025-10-23 16:11:25.032785+00', '#f05a28');
INSERT INTO public.categories (id, name, owner_id, is_archived, display_order, created_at, color_hex) VALUES ('8fe6dac3-849a-4450-ba90-f10afaf03658', 'AI | Aplikace | Tvorba', '342c8533-be56-4ff0-be0d-6128c1b20fb0', false, 1, '2025-10-23 16:11:25.068978+00', '#f05a28');
INSERT INTO public.categories (id, name, owner_id, is_archived, display_order, created_at, color_hex) VALUES ('86ff8259-2edd-4e2e-9659-3493ef4e4075', 'AR', '342c8533-be56-4ff0-be0d-6128c1b20fb0', false, 2, '2025-10-23 16:11:25.094179+00', '#f05a28');
INSERT INTO public.categories (id, name, owner_id, is_archived, display_order, created_at, color_hex) VALUES ('91e3bce7-40d8-415d-ae6f-3ab237c8a5c3', 'Noviny', '342c8533-be56-4ff0-be0d-6128c1b20fb0', false, 3, '2025-10-23 16:11:25.125284+00', '#f05a28');
INSERT INTO public.categories (id, name, owner_id, is_archived, display_order, created_at, color_hex) VALUES ('134c685c-a024-4c00-8ddb-d6e4e6ba7ac5', 'ZETEO', '342c8533-be56-4ff0-be0d-6128c1b20fb0', false, 4, '2025-10-23 16:11:25.155501+00', '#f05a28');
INSERT INTO public.categories (id, name, owner_id, is_archived, display_order, created_at, color_hex) VALUES ('4a47a417-b9c7-4cb3-8e16-9052566ccde0', 'Power automate', '342c8533-be56-4ff0-be0d-6128c1b20fb0', false, 5, '2025-10-23 16:11:25.180359+00', '#f05a28');
INSERT INTO public.categories (id, name, owner_id, is_archived, display_order, created_at, color_hex) VALUES ('5a7535db-b459-4186-94a9-04a609ce2f8a', 'FinBOB', '342c8533-be56-4ff0-be0d-6128c1b20fb0', false, 6, '2025-10-23 16:11:25.222865+00', '#f05a28');
INSERT INTO public.categories (id, name, owner_id, is_archived, display_order, created_at, color_hex) VALUES ('74e5446c-844e-4a67-a905-8561e0d691fe', 'Bohemika', '342c8533-be56-4ff0-be0d-6128c1b20fb0', false, 7, '2025-10-23 16:11:25.249684+00', '#f05a28');
INSERT INTO public.categories (id, name, owner_id, is_archived, display_order, created_at, color_hex) VALUES ('c4e38fa6-96ff-4993-9d9d-de30580a398a', 'Kalkulačky a rejsříky', '342c8533-be56-4ff0-be0d-6128c1b20fb0', false, 8, '2025-10-23 16:11:25.276462+00', '#f05a28');
INSERT INTO public.categories (id, name, owner_id, is_archived, display_order, created_at, color_hex) VALUES ('a87aed46-cd17-4721-9b2e-05cd68b344a4', 'Banky', '342c8533-be56-4ff0-be0d-6128c1b20fb0', false, 9, '2025-10-23 16:11:25.306259+00', '#f05a28');
INSERT INTO public.categories (id, name, owner_id, is_archived, display_order, created_at, color_hex) VALUES ('abd0ccba-7f08-4a34-b273-f286e310aaf3', 'Hypotéky - Golem', '342c8533-be56-4ff0-be0d-6128c1b20fb0', false, 10, '2025-10-23 16:11:25.333565+00', '#f05a28');
INSERT INTO public.categories (id, name, owner_id, is_archived, display_order, created_at, color_hex) VALUES ('0686f90a-e8c2-4c72-8608-6d53e5d3d460', 'POJIŠTOVNY', '342c8533-be56-4ff0-be0d-6128c1b20fb0', false, 11, '2025-10-23 16:11:25.358951+00', '#f05a28');
INSERT INTO public.categories (id, name, owner_id, is_archived, display_order, created_at, color_hex) VALUES ('bf817072-6a7d-424d-b63b-10267f19deb9', 'MS od Tomáše store', '342c8533-be56-4ff0-be0d-6128c1b20fb0', false, 12, '2025-10-23 16:11:25.386998+00', '#f05a28');
INSERT INTO public.categories (id, name, owner_id, is_archived, display_order, created_at, color_hex) VALUES ('8d53b456-0d86-47ec-b600-b6fe5968cf3e', 'Investice', '342c8533-be56-4ff0-be0d-6128c1b20fb0', false, 13, '2025-10-23 16:11:25.409107+00', '#f05a28');
INSERT INTO public.categories (id, name, owner_id, is_archived, display_order, created_at, color_hex) VALUES ('1536dc14-89a8-4372-bfa1-22a7ee4e797b', 'Osobní', '342c8533-be56-4ff0-be0d-6128c1b20fb0', false, 14, '2025-10-23 16:11:25.43397+00', '#f05a28');
INSERT INTO public.categories (id, name, owner_id, is_archived, display_order, created_at, color_hex) VALUES ('dcb761e0-e7ee-476b-9112-4f5395e66a0f', 'Podcast.Adobe.com', '342c8533-be56-4ff0-be0d-6128c1b20fb0', false, 15, '2025-10-23 16:11:25.462471+00', '#f05a28');
INSERT INTO public.categories (id, name, owner_id, is_archived, display_order, created_at, color_hex) VALUES ('9bf3eaaa-3c96-443a-9435-cceda9717d45', 'aa', '27f0d1c6-df9f-4e06-b3a5-38771087ed78', false, 0, '2025-10-23 20:03:24.036455+00', '#f05a28');


--
-- Data for Name: groups; Type: TABLE DATA; Schema: public; Owner: -
--



--
-- Data for Name: category_shares; Type: TABLE DATA; Schema: public; Owner: -
--

INSERT INTO public.category_shares (id, category_id, shared_with_user_id, shared_with_group_id, permission_level, created_at) VALUES ('b6d3ca55-9ada-4b07-b0a9-600333bbc148', 'dd7e9f0f-c195-41a1-bbc8-2a04103df765', '27f0d1c6-df9f-4e06-b3a5-38771087ed78', NULL, 'viewer', '2025-10-23 19:45:00.641367+00');


--
-- Data for Name: group_members; Type: TABLE DATA; Schema: public; Owner: -
--



--
-- Data for Name: links; Type: TABLE DATA; Schema: public; Owner: -
--

INSERT INTO public.links (id, category_id, display_name, url, favicon_url, display_order, created_at, is_archived) VALUES ('dad1f0ad-ef04-492c-99b5-22e7544845d5', 'dd7e9f0f-c195-41a1-bbc8-2a04103df765', 'Klienti', 'http://onlinekompas.cz/', NULL, 0, '2025-10-23 16:11:25.052788+00', false);
INSERT INTO public.links (id, category_id, display_name, url, favicon_url, display_order, created_at, is_archived) VALUES ('afbe6cfb-3288-416c-b482-36a793c8982e', 'dd7e9f0f-c195-41a1-bbc8-2a04103df765', 'AgentPac', 'http://onlinekompas.cz/', NULL, 1, '2025-10-23 16:11:25.052788+00', false);
INSERT INTO public.links (id, category_id, display_name, url, favicon_url, display_order, created_at, is_archived) VALUES ('a1c3441e-1a75-4907-9a84-9b9d8cafe7ba', 'dd7e9f0f-c195-41a1-bbc8-2a04103df765', 'Email asistent', 'http://onlinekompas.cz/', NULL, 2, '2025-10-23 16:11:25.052788+00', false);
INSERT INTO public.links (id, category_id, display_name, url, favicon_url, display_order, created_at, is_archived) VALUES ('ae9a89b2-e4bc-4542-98ae-bd84cb7986b9', 'dd7e9f0f-c195-41a1-bbc8-2a04103df765', 'OnlineHlasovani', 'http://onlinekompas.cz/', NULL, 3, '2025-10-23 16:11:25.052788+00', false);
INSERT INTO public.links (id, category_id, display_name, url, favicon_url, display_order, created_at, is_archived) VALUES ('d47769f2-2e3f-49b6-bb87-85a8c4958956', '8fe6dac3-849a-4450-ba90-f10afaf03658', 'github', 'http://onlinekompas.cz/', NULL, 0, '2025-10-23 16:11:25.081931+00', false);
INSERT INTO public.links (id, category_id, display_name, url, favicon_url, display_order, created_at, is_archived) VALUES ('d01aeaab-174a-464f-b115-933574bed1b9', '8fe6dac3-849a-4450-ba90-f10afaf03658', 'Nhost', 'http://onlinekompas.cz/', NULL, 1, '2025-10-23 16:11:25.081931+00', false);
INSERT INTO public.links (id, category_id, display_name, url, favicon_url, display_order, created_at, is_archived) VALUES ('579c078e-74e2-43ab-9ccb-67ee8a673085', '8fe6dac3-849a-4450-ba90-f10afaf03658', 'Mailersend.com', 'http://onlinekompas.cz/', NULL, 2, '2025-10-23 16:11:25.081931+00', false);
INSERT INTO public.links (id, category_id, display_name, url, favicon_url, display_order, created_at, is_archived) VALUES ('598e72bf-646f-4aaa-9fc0-a9731672b2a9', '8fe6dac3-849a-4450-ba90-f10afaf03658', 'Bolt.new delani stranek', 'http://onlinekompas.cz/', NULL, 3, '2025-10-23 16:11:25.081931+00', false);
INSERT INTO public.links (id, category_id, display_name, url, favicon_url, display_order, created_at, is_archived) VALUES ('fbcbf59c-da6c-4028-8f1c-4df4c1e68334', '8fe6dac3-849a-4450-ba90-f10afaf03658', 'Supabase | databaze', 'http://onlinekompas.cz/', NULL, 4, '2025-10-23 16:11:25.081931+00', false);
INSERT INTO public.links (id, category_id, display_name, url, favicon_url, display_order, created_at, is_archived) VALUES ('9683f0e8-9a31-445f-bad1-c0cf3765210e', '8fe6dac3-849a-4450-ba90-f10afaf03658', 'Netlify', 'http://onlinekompas.cz/', NULL, 5, '2025-10-23 16:11:25.081931+00', false);
INSERT INTO public.links (id, category_id, display_name, url, favicon_url, display_order, created_at, is_archived) VALUES ('a5b887c1-bbbe-4090-ae23-3e3d843b4b9c', '8fe6dac3-849a-4450-ba90-f10afaf03658', 'Supabase local', 'http://onlinekompas.cz/', NULL, 6, '2025-10-23 16:11:25.081931+00', false);
INSERT INTO public.links (id, category_id, display_name, url, favicon_url, display_order, created_at, is_archived) VALUES ('ddd2ba01-9b86-4d2a-a0b7-1b9f68bb0c7f', '8fe6dac3-849a-4450-ba90-f10afaf03658', 'Marlin', 'http://onlinekompas.cz/', NULL, 7, '2025-10-23 16:11:25.081931+00', false);
INSERT INTO public.links (id, category_id, display_name, url, favicon_url, display_order, created_at, is_archived) VALUES ('3f3954c9-9792-4139-a864-fd91d76248ed', '8fe6dac3-849a-4450-ba90-f10afaf03658', 'Copilot', 'http://onlinekompas.cz/', NULL, 8, '2025-10-23 16:11:25.081931+00', false);
INSERT INTO public.links (id, category_id, display_name, url, favicon_url, display_order, created_at, is_archived) VALUES ('2099c0e3-f628-4708-b277-50b67091c1ed', '8fe6dac3-849a-4450-ba90-f10afaf03658', 'Claude AI', 'http://onlinekompas.cz/', NULL, 9, '2025-10-23 16:11:25.081931+00', false);
INSERT INTO public.links (id, category_id, display_name, url, favicon_url, display_order, created_at, is_archived) VALUES ('c0df40c6-3d8a-4ff7-8361-bb510d2e1dfc', '8fe6dac3-849a-4450-ba90-f10afaf03658', 'ChatGPT', 'http://onlinekompas.cz/', NULL, 10, '2025-10-23 16:11:25.081931+00', false);
INSERT INTO public.links (id, category_id, display_name, url, favicon_url, display_order, created_at, is_archived) VALUES ('b9f1f636-7d22-4a79-a3b7-fa27428eae20', '8fe6dac3-849a-4450-ba90-f10afaf03658', 'Grok.com', 'http://onlinekompas.cz/', NULL, 11, '2025-10-23 16:11:25.081931+00', false);
INSERT INTO public.links (id, category_id, display_name, url, favicon_url, display_order, created_at, is_archived) VALUES ('84ab901d-0ae0-48b5-9a47-6fa9dca424ea', '8fe6dac3-849a-4450-ba90-f10afaf03658', 'Brevo | emaily', 'http://onlinekompas.cz/', NULL, 12, '2025-10-23 16:11:25.081931+00', false);
INSERT INTO public.links (id, category_id, display_name, url, favicon_url, display_order, created_at, is_archived) VALUES ('31785d32-7f52-4241-8fff-5303b970d49e', '8fe6dac3-849a-4450-ba90-f10afaf03658', 'hostinger N8N server', 'http://onlinekompas.cz/', NULL, 13, '2025-10-23 16:11:25.081931+00', false);
INSERT INTO public.links (id, category_id, display_name, url, favicon_url, display_order, created_at, is_archived) VALUES ('1df4b501-5b7f-4108-8c6a-9b133df5955d', '8fe6dac3-849a-4450-ba90-f10afaf03658', 'openai billing', 'http://onlinekompas.cz/', NULL, 14, '2025-10-23 16:11:25.081931+00', false);
INSERT INTO public.links (id, category_id, display_name, url, favicon_url, display_order, created_at, is_archived) VALUES ('f6a987fe-b2aa-4ba3-9bd7-b7f5cf0820f2', '8fe6dac3-849a-4450-ba90-f10afaf03658', 'N8N', 'http://onlinekompas.cz/', NULL, 15, '2025-10-23 16:11:25.081931+00', false);
INSERT INTO public.links (id, category_id, display_name, url, favicon_url, display_order, created_at, is_archived) VALUES ('03b73c0a-599b-41e3-9302-565120afe7a6', '8fe6dac3-849a-4450-ba90-f10afaf03658', 'SMSBrána.cz', 'http://onlinekompas.cz/', NULL, 16, '2025-10-23 16:11:25.081931+00', false);
INSERT INTO public.links (id, category_id, display_name, url, favicon_url, display_order, created_at, is_archived) VALUES ('3c2a55ae-40ce-4f1e-8779-71501e3a39c4', '8fe6dac3-849a-4450-ba90-f10afaf03658', 'Api Google', 'http://onlinekompas.cz/', NULL, 17, '2025-10-23 16:11:25.081931+00', false);
INSERT INTO public.links (id, category_id, display_name, url, favicon_url, display_order, created_at, is_archived) VALUES ('36ec0d63-4e82-4752-856b-bc54e20eb213', '8fe6dac3-849a-4450-ba90-f10afaf03658', 'cloud.appwrite.io', 'http://onlinekompas.cz/', NULL, 18, '2025-10-23 16:11:25.081931+00', false);
INSERT INTO public.links (id, category_id, display_name, url, favicon_url, display_order, created_at, is_archived) VALUES ('adbde75a-60c5-475e-aed9-57baf540f3ed', '8fe6dac3-849a-4450-ba90-f10afaf03658', 'Syncfusion Sign in', 'http://onlinekompas.cz/', NULL, 19, '2025-10-23 16:11:25.081931+00', false);
INSERT INTO public.links (id, category_id, display_name, url, favicon_url, display_order, created_at, is_archived) VALUES ('f0377fb0-fe27-4bef-9e50-09bb54991a15', '86ff8259-2edd-4e2e-9659-3493ef4e4075', 'BVK Brno', 'http://onlinekompas.cz/', NULL, 0, '2025-10-23 16:11:25.107834+00', false);
INSERT INTO public.links (id, category_id, display_name, url, favicon_url, display_order, created_at, is_archived) VALUES ('92d1c641-b7dc-47f8-a1b5-b9194d7c41d3', '86ff8259-2edd-4e2e-9659-3493ef4e4075', 'EON', 'http://onlinekompas.cz/', NULL, 1, '2025-10-23 16:11:25.107834+00', false);
INSERT INTO public.links (id, category_id, display_name, url, favicon_url, display_order, created_at, is_archived) VALUES ('21d95fdd-84d3-425d-8fcf-c3e74ed7003e', '86ff8259-2edd-4e2e-9659-3493ef4e4075', 'ČEZ ON-LINE', 'http://onlinekompas.cz/', NULL, 2, '2025-10-23 16:11:25.107834+00', false);
INSERT INTO public.links (id, category_id, display_name, url, favicon_url, display_order, created_at, is_archived) VALUES ('43520143-5569-4205-b67f-ddc6b107eee0', '86ff8259-2edd-4e2e-9659-3493ef4e4075', 'ČSOB', 'http://onlinekompas.cz/', NULL, 3, '2025-10-23 16:11:25.107834+00', false);
INSERT INTO public.links (id, category_id, display_name, url, favicon_url, display_order, created_at, is_archived) VALUES ('702bcc01-3268-4ab7-ba8a-ec430af15f66', '86ff8259-2edd-4e2e-9659-3493ef4e4075', 'ČSOB import prikazu', 'http://onlinekompas.cz/', NULL, 4, '2025-10-23 16:11:25.107834+00', false);
INSERT INTO public.links (id, category_id, display_name, url, favicon_url, display_order, created_at, is_archived) VALUES ('0e0c36f9-adcc-43d4-9677-284cfe56ee21', '86ff8259-2edd-4e2e-9659-3493ef4e4075', 'FIO', 'http://onlinekompas.cz/', NULL, 5, '2025-10-23 16:11:25.107834+00', false);
INSERT INTO public.links (id, category_id, display_name, url, favicon_url, display_order, created_at, is_archived) VALUES ('cc579c60-6730-466e-a05e-812b4f45f867', '86ff8259-2edd-4e2e-9659-3493ef4e4075', 'Můj Vodafone', 'http://onlinekompas.cz/', NULL, 6, '2025-10-23 16:11:25.107834+00', false);
INSERT INTO public.links (id, category_id, display_name, url, favicon_url, display_order, created_at, is_archived) VALUES ('42bc8717-b249-4505-896c-c8e1a8824749', '86ff8259-2edd-4e2e-9659-3493ef4e4075', 'ČS', 'http://onlinekompas.cz/', NULL, 7, '2025-10-23 16:11:25.107834+00', false);
INSERT INTO public.links (id, category_id, display_name, url, favicon_url, display_order, created_at, is_archived) VALUES ('db5f2b4c-fd1e-4520-af47-5db3b9978067', '86ff8259-2edd-4e2e-9659-3493ef4e4075', 'ČS - George', 'http://onlinekompas.cz/', NULL, 8, '2025-10-23 16:11:25.107834+00', false);
INSERT INTO public.links (id, category_id, display_name, url, favicon_url, display_order, created_at, is_archived) VALUES ('dc7ef803-e536-43b8-b812-257cf0ab9fa6', '86ff8259-2edd-4e2e-9659-3493ef4e4075', 'KB', 'http://onlinekompas.cz/', NULL, 9, '2025-10-23 16:11:25.107834+00', false);
INSERT INTO public.links (id, category_id, display_name, url, favicon_url, display_order, created_at, is_archived) VALUES ('a4c05e5e-2197-4d3a-9fdf-da9f7e045cef', '86ff8259-2edd-4e2e-9659-3493ef4e4075', 'Trinity | Internetové bankovnictví', 'http://onlinekompas.cz/', NULL, 10, '2025-10-23 16:11:25.107834+00', false);
INSERT INTO public.links (id, category_id, display_name, url, favicon_url, display_order, created_at, is_archived) VALUES ('2f718422-9cc1-407f-9899-4601abbb4c3b', '86ff8259-2edd-4e2e-9659-3493ef4e4075', 'Zákony pro lidi', 'http://onlinekompas.cz/', NULL, 11, '2025-10-23 16:11:25.107834+00', false);
INSERT INTO public.links (id, category_id, display_name, url, favicon_url, display_order, created_at, is_archived) VALUES ('ee8fc868-c929-464d-ad2f-3415ff660490', '86ff8259-2edd-4e2e-9659-3493ef4e4075', 'www.psp.cz', 'http://onlinekompas.cz/', NULL, 12, '2025-10-23 16:11:25.107834+00', false);
INSERT INTO public.links (id, category_id, display_name, url, favicon_url, display_order, created_at, is_archived) VALUES ('f732f041-55f2-4e95-bc78-1dc005cb380f', '86ff8259-2edd-4e2e-9659-3493ef4e4075', 'Sklik AR', 'http://onlinekompas.cz/', NULL, 13, '2025-10-23 16:11:25.107834+00', false);
INSERT INTO public.links (id, category_id, display_name, url, favicon_url, display_order, created_at, is_archived) VALUES ('8727c15b-70b6-4337-bc9a-c9df0b6d8c5b', '86ff8259-2edd-4e2e-9659-3493ef4e4075', 'Přihlášení do Seznamu', 'http://onlinekompas.cz/', NULL, 14, '2025-10-23 16:11:25.107834+00', false);
INSERT INTO public.links (id, category_id, display_name, url, favicon_url, display_order, created_at, is_archived) VALUES ('6c3ca080-48e1-44d0-9bcb-40d2a6861662', '86ff8259-2edd-4e2e-9659-3493ef4e4075', 'Admin seznam', 'http://onlinekompas.cz/', NULL, 15, '2025-10-23 16:11:25.107834+00', false);
INSERT INTO public.links (id, category_id, display_name, url, favicon_url, display_order, created_at, is_archived) VALUES ('652d3c27-f7ef-490d-bc37-a8196015bb61', '86ff8259-2edd-4e2e-9659-3493ef4e4075', '89/2012 Sb. Občanský zákoník (nový)', 'http://onlinekompas.cz/', NULL, 16, '2025-10-23 16:11:25.107834+00', false);
INSERT INTO public.links (id, category_id, display_name, url, favicon_url, display_order, created_at, is_archived) VALUES ('0815390e-77db-42cf-8619-e99fd706df2f', '86ff8259-2edd-4e2e-9659-3493ef4e4075', 'Mapa AR', 'http://onlinekompas.cz/', NULL, 17, '2025-10-23 16:11:25.107834+00', false);
INSERT INTO public.links (id, category_id, display_name, url, favicon_url, display_order, created_at, is_archived) VALUES ('04bb6bc0-031c-4b5b-bf02-c987c0436657', '86ff8259-2edd-4e2e-9659-3493ef4e4075', 'Datové schránky', 'http://onlinekompas.cz/', NULL, 18, '2025-10-23 16:11:25.107834+00', false);
INSERT INTO public.links (id, category_id, display_name, url, favicon_url, display_order, created_at, is_archived) VALUES ('88e6ac06-523c-4d8b-b036-876711697e23', '86ff8259-2edd-4e2e-9659-3493ef4e4075', 'Česká Pošta', 'http://onlinekompas.cz/', NULL, 19, '2025-10-23 16:11:25.107834+00', false);
INSERT INTO public.links (id, category_id, display_name, url, favicon_url, display_order, created_at, is_archived) VALUES ('4d6addc3-d09b-4998-a20a-a0c512d51915', '86ff8259-2edd-4e2e-9659-3493ef4e4075', 'Revize lhůty', 'http://onlinekompas.cz/', NULL, 20, '2025-10-23 16:11:25.107834+00', false);
INSERT INTO public.links (id, category_id, display_name, url, favicon_url, display_order, created_at, is_archived) VALUES ('9fb4b454-d240-4b75-a7b3-ed9986dab3fa', '86ff8259-2edd-4e2e-9659-3493ef4e4075', 'PortalPRO', 'http://onlinekompas.cz/', NULL, 21, '2025-10-23 16:11:25.107834+00', false);
INSERT INTO public.links (id, category_id, display_name, url, favicon_url, display_order, created_at, is_archived) VALUES ('40087817-e27c-4659-a7f9-85105de88086', '86ff8259-2edd-4e2e-9659-3493ef4e4075', 'MS AZURE', 'http://onlinekompas.cz/', NULL, 22, '2025-10-23 16:11:25.107834+00', false);
INSERT INTO public.links (id, category_id, display_name, url, favicon_url, display_order, created_at, is_archived) VALUES ('e7492309-6b27-4c8a-8eac-ccf3316a8581', '86ff8259-2edd-4e2e-9659-3493ef4e4075', 'OS sharepoint', 'http://onlinekompas.cz/', NULL, 23, '2025-10-23 16:11:25.107834+00', false);
INSERT INTO public.links (id, category_id, display_name, url, favicon_url, display_order, created_at, is_archived) VALUES ('c209063f-ac02-406d-bdc6-dce97ecd2313', '86ff8259-2edd-4e2e-9659-3493ef4e4075', 'Microsoft Power Automate', 'http://onlinekompas.cz/', NULL, 24, '2025-10-23 16:11:25.107834+00', false);
INSERT INTO public.links (id, category_id, display_name, url, favicon_url, display_order, created_at, is_archived) VALUES ('02691887-c085-497d-894b-4b6e7be94c09', '86ff8259-2edd-4e2e-9659-3493ef4e4075', 'Podporované aktivity – API', 'http://onlinekompas.cz/', NULL, 25, '2025-10-23 16:11:25.107834+00', false);
INSERT INTO public.links (id, category_id, display_name, url, favicon_url, display_order, created_at, is_archived) VALUES ('52d05af9-4806-48be-9372-bab7d3924872', '86ff8259-2edd-4e2e-9659-3493ef4e4075', 'Adminreal.shromazdenirazdva.cz', 'http://onlinekompas.cz/', NULL, 26, '2025-10-23 16:11:25.107834+00', false);
INSERT INTO public.links (id, category_id, display_name, url, favicon_url, display_order, created_at, is_archived) VALUES ('6df17974-09bb-42c4-aff4-58eb9d56905f', '86ff8259-2edd-4e2e-9659-3493ef4e4075', 'Výpočet Lhůty', 'http://onlinekompas.cz/', NULL, 27, '2025-10-23 16:11:25.107834+00', false);
INSERT INTO public.links (id, category_id, display_name, url, favicon_url, display_order, created_at, is_archived) VALUES ('91726db5-7d4c-4cab-bd52-3c01702c0bdf', '86ff8259-2edd-4e2e-9659-3493ef4e4075', 'My google maps', 'http://onlinekompas.cz/', NULL, 28, '2025-10-23 16:11:25.107834+00', false);
INSERT INTO public.links (id, category_id, display_name, url, favicon_url, display_order, created_at, is_archived) VALUES ('350b0a7a-581b-47fd-a86d-d608e4740ccd', '86ff8259-2edd-4e2e-9659-3493ef4e4075', 'MultCloud', 'http://onlinekompas.cz/', NULL, 29, '2025-10-23 16:11:25.107834+00', false);
INSERT INTO public.links (id, category_id, display_name, url, favicon_url, display_order, created_at, is_archived) VALUES ('17fbfd44-afdb-48b5-a7f8-207ecf006fb7', '91e3bce7-40d8-415d-ae6f-3ab237c8a5c3', 'Brněnská Drbna', 'http://onlinekompas.cz/', NULL, 0, '2025-10-23 16:11:25.141537+00', false);
INSERT INTO public.links (id, category_id, display_name, url, favicon_url, display_order, created_at, is_archived) VALUES ('cf903c63-10c6-4027-9bfe-1983cc793b48', '91e3bce7-40d8-415d-ae6f-3ab237c8a5c3', 'Brněnský deník', 'http://onlinekompas.cz/', NULL, 1, '2025-10-23 16:11:25.141537+00', false);
INSERT INTO public.links (id, category_id, display_name, url, favicon_url, display_order, created_at, is_archived) VALUES ('ce740ab7-afaf-4f84-88be-69d1305e96cb', '91e3bce7-40d8-415d-ae6f-3ab237c8a5c3', 'Seznam', 'http://onlinekompas.cz/', NULL, 2, '2025-10-23 16:11:25.141537+00', false);
INSERT INTO public.links (id, category_id, display_name, url, favicon_url, display_order, created_at, is_archived) VALUES ('050663c8-7c5a-493e-8fbf-22388be27cd6', '91e3bce7-40d8-415d-ae6f-3ab237c8a5c3', 'oPojištění', 'http://onlinekompas.cz/', NULL, 3, '2025-10-23 16:11:25.141537+00', false);
INSERT INTO public.links (id, category_id, display_name, url, favicon_url, display_order, created_at, is_archived) VALUES ('0084b030-00f4-4b5e-bec4-a16ad200d8cd', '91e3bce7-40d8-415d-ae6f-3ab237c8a5c3', 'iDNES', 'http://onlinekompas.cz/', NULL, 4, '2025-10-23 16:11:25.141537+00', false);
INSERT INTO public.links (id, category_id, display_name, url, favicon_url, display_order, created_at, is_archived) VALUES ('38da63e9-3e9f-47ab-b816-4b7504d980cf', '91e3bce7-40d8-415d-ae6f-3ab237c8a5c3', 'ČeskéNoviny', 'http://onlinekompas.cz/', NULL, 5, '2025-10-23 16:11:25.141537+00', false);
INSERT INTO public.links (id, category_id, display_name, url, favicon_url, display_order, created_at, is_archived) VALUES ('968eed8c-7a36-4814-a426-58091c819541', '91e3bce7-40d8-415d-ae6f-3ab237c8a5c3', 'Youtube', 'http://onlinekompas.cz/', NULL, 6, '2025-10-23 16:11:25.141537+00', false);
INSERT INTO public.links (id, category_id, display_name, url, favicon_url, display_order, created_at, is_archived) VALUES ('4b62da87-abe1-41e8-91d5-8aa5f0d9047a', '91e3bce7-40d8-415d-ae6f-3ab237c8a5c3', 'Novinky', 'http://onlinekompas.cz/', NULL, 7, '2025-10-23 16:11:25.141537+00', false);
INSERT INTO public.links (id, category_id, display_name, url, favicon_url, display_order, created_at, is_archived) VALUES ('4f01afaf-cd18-4858-b030-d7132505af0d', '91e3bce7-40d8-415d-ae6f-3ab237c8a5c3', 'Aktuálně', 'http://onlinekompas.cz/', NULL, 8, '2025-10-23 16:11:25.141537+00', false);
INSERT INTO public.links (id, category_id, display_name, url, favicon_url, display_order, created_at, is_archived) VALUES ('13c9d49c-f478-4403-b723-a56e5566eec7', '91e3bce7-40d8-415d-ae6f-3ab237c8a5c3', 'IHNED', 'http://onlinekompas.cz/', NULL, 9, '2025-10-23 16:11:25.141537+00', false);
INSERT INTO public.links (id, category_id, display_name, url, favicon_url, display_order, created_at, is_archived) VALUES ('e224a644-3be1-46a9-bf94-d8507c7b8915', '91e3bce7-40d8-415d-ae6f-3ab237c8a5c3', 'Echo24', 'http://onlinekompas.cz/', NULL, 10, '2025-10-23 16:11:25.141537+00', false);
INSERT INTO public.links (id, category_id, display_name, url, favicon_url, display_order, created_at, is_archived) VALUES ('11dee263-9fa6-46cc-beaf-771bcfe7e788', '91e3bce7-40d8-415d-ae6f-3ab237c8a5c3', 'Cnews', 'http://onlinekompas.cz/', NULL, 11, '2025-10-23 16:11:25.141537+00', false);
INSERT INTO public.links (id, category_id, display_name, url, favicon_url, display_order, created_at, is_archived) VALUES ('1593297f-1ff8-41c8-b06c-11f32300a72b', '91e3bce7-40d8-415d-ae6f-3ab237c8a5c3', 'Metro', 'http://onlinekompas.cz/', NULL, 12, '2025-10-23 16:11:25.141537+00', false);
INSERT INTO public.links (id, category_id, display_name, url, favicon_url, display_order, created_at, is_archived) VALUES ('2c915ec7-6435-433c-ad17-fedfaba8c1ff', '91e3bce7-40d8-415d-ae6f-3ab237c8a5c3', 'Parlamentnilisty', 'http://onlinekompas.cz/', NULL, 13, '2025-10-23 16:11:25.141537+00', false);
INSERT INTO public.links (id, category_id, display_name, url, favicon_url, display_order, created_at, is_archived) VALUES ('fa05fd09-3f49-454f-9430-366458b0ef57', '91e3bce7-40d8-415d-ae6f-3ab237c8a5c3', 'Kbvsap2.webnode.cz', 'http://onlinekompas.cz/', NULL, 14, '2025-10-23 16:11:25.141537+00', false);
INSERT INTO public.links (id, category_id, display_name, url, favicon_url, display_order, created_at, is_archived) VALUES ('3104122c-504d-4999-9368-210fa6fb37ed', '91e3bce7-40d8-415d-ae6f-3ab237c8a5c3', 'Ai%20roboti.com', 'http://onlinekompas.cz/', NULL, 15, '2025-10-23 16:11:25.141537+00', false);
INSERT INTO public.links (id, category_id, display_name, url, favicon_url, display_order, created_at, is_archived) VALUES ('ea58d8a8-5f15-4560-aa59-66a5fe23ef4b', '4a47a417-b9c7-4cb3-8e16-9052566ccde0', 'Microsoft Power Automate', 'http://onlinekompas.cz/', NULL, 0, '2025-10-23 16:11:25.195822+00', false);
INSERT INTO public.links (id, category_id, display_name, url, favicon_url, display_order, created_at, is_archived) VALUES ('7acee096-7aa5-4b57-8faa-9aa65abfdd28', '74e5446c-844e-4a67-a905-8561e0d691fe', 'Copilot', 'http://onlinekompas.cz/', NULL, 0, '2025-10-23 16:11:25.261778+00', false);
INSERT INTO public.links (id, category_id, display_name, url, favicon_url, display_order, created_at, is_archived) VALUES ('fb62def5-f7a8-4638-bb99-11af686e95b2', '74e5446c-844e-4a67-a905-8561e0d691fe', 'REDMINE Novyý úkol', 'http://onlinekompas.cz/', NULL, 1, '2025-10-23 16:11:25.261778+00', false);
INSERT INTO public.links (id, category_id, display_name, url, favicon_url, display_order, created_at, is_archived) VALUES ('b5b7069c-c63a-4fb6-ade2-e513cf44cf49', '74e5446c-844e-4a67-a905-8561e0d691fe', 'REDMINE seznam', 'http://onlinekompas.cz/', NULL, 2, '2025-10-23 16:11:25.261778+00', false);
INSERT INTO public.links (id, category_id, display_name, url, favicon_url, display_order, created_at, is_archived) VALUES ('5c897f02-6885-44d4-99fc-27c18f1d71d8', '74e5446c-844e-4a67-a905-8561e0d691fe', 'Bohemika youtube', 'http://onlinekompas.cz/', NULL, 3, '2025-10-23 16:11:25.261778+00', false);
INSERT INTO public.links (id, category_id, display_name, url, favicon_url, display_order, created_at, is_archived) VALUES ('c3ba0ace-182b-4c1e-81d7-b7d9499139a2', '74e5446c-844e-4a67-a905-8561e0d691fe', 'SS Tahák - editace', 'http://onlinekompas.cz/', NULL, 4, '2025-10-23 16:11:25.261778+00', false);
INSERT INTO public.links (id, category_id, display_name, url, favicon_url, display_order, created_at, is_archived) VALUES ('f1bd95c1-11e3-4471-a023-827aaffed532', '74e5446c-844e-4a67-a905-8561e0d691fe', 'SS Tahák - náhled', 'http://onlinekompas.cz/', NULL, 5, '2025-10-23 16:11:25.261778+00', false);
INSERT INTO public.links (id, category_id, display_name, url, favicon_url, display_order, created_at, is_archived) VALUES ('5c1dc7ed-185e-4e18-9565-cec396c5ee6a', '74e5446c-844e-4a67-a905-8561e0d691fe', 'ZLATO kalkulator', 'http://onlinekompas.cz/', NULL, 6, '2025-10-23 16:11:25.261778+00', false);
INSERT INTO public.links (id, category_id, display_name, url, favicon_url, display_order, created_at, is_archived) VALUES ('97381182-2756-4acc-97e0-af7819229d3c', '74e5446c-844e-4a67-a905-8561e0d691fe', 'FIDOS Rozcestí', 'http://onlinekompas.cz/', NULL, 7, '2025-10-23 16:11:25.261778+00', false);
INSERT INTO public.links (id, category_id, display_name, url, favicon_url, display_order, created_at, is_archived) VALUES ('396a78b5-7360-4e85-afb1-ad62b56129c6', '74e5446c-844e-4a67-a905-8561e0d691fe', 'Fidos testovací', 'http://onlinekompas.cz/', NULL, 8, '2025-10-23 16:11:25.261778+00', false);
INSERT INTO public.links (id, category_id, display_name, url, favicon_url, display_order, created_at, is_archived) VALUES ('7c7a0f68-1477-45b4-95aa-9cba1fe8b757', '74e5446c-844e-4a67-a905-8561e0d691fe', 'MAXX Demo', 'http://onlinekompas.cz/', NULL, 9, '2025-10-23 16:11:25.261778+00', false);
INSERT INTO public.links (id, category_id, display_name, url, favicon_url, display_order, created_at, is_archived) VALUES ('9a33014a-ef77-49cd-b415-861425c3293a', '74e5446c-844e-4a67-a905-8561e0d691fe', 'vymazani cash teams', 'http://onlinekompas.cz/', NULL, 10, '2025-10-23 16:11:25.261778+00', false);
INSERT INTO public.links (id, category_id, display_name, url, favicon_url, display_order, created_at, is_archived) VALUES ('dcd10b6e-0b9c-4071-81d4-bbc4cfea5840', '74e5446c-844e-4a67-a905-8561e0d691fe', 'Microsoft Azure BOHEMIKA', 'http://onlinekompas.cz/', NULL, 11, '2025-10-23 16:11:25.261778+00', false);
INSERT INTO public.links (id, category_id, display_name, url, favicon_url, display_order, created_at, is_archived) VALUES ('0573b28a-52fa-4f49-a868-98622c54e9b6', '74e5446c-844e-4a67-a905-8561e0d691fe', 'Karta klienta MM a MK', 'http://onlinekompas.cz/', NULL, 12, '2025-10-23 16:11:25.261778+00', false);
INSERT INTO public.links (id, category_id, display_name, url, favicon_url, display_order, created_at, is_archived) VALUES ('4261d94e-2273-4c3d-bae3-38d8f2540935', '74e5446c-844e-4a67-a905-8561e0d691fe', 'APLIKACE - rozcestník.com', 'http://onlinekompas.cz/', NULL, 13, '2025-10-23 16:11:25.261778+00', false);
INSERT INTO public.links (id, category_id, display_name, url, favicon_url, display_order, created_at, is_archived) VALUES ('e2187312-c79d-431a-91e2-4b435f56e266', '74e5446c-844e-4a67-a905-8561e0d691fe', 'Office 365 admin center', 'http://onlinekompas.cz/', NULL, 14, '2025-10-23 16:11:25.261778+00', false);
INSERT INTO public.links (id, category_id, display_name, url, favicon_url, display_order, created_at, is_archived) VALUES ('31e004d8-3fc1-4654-9326-c993807c2806', '74e5446c-844e-4a67-a905-8561e0d691fe', 'Azure Bohemika new', 'http://onlinekompas.cz/', NULL, 15, '2025-10-23 16:11:25.261778+00', false);
INSERT INTO public.links (id, category_id, display_name, url, favicon_url, display_order, created_at, is_archived) VALUES ('5dc95d86-a453-4184-92dc-c454dba0d0c4', 'a87aed46-cd17-4721-9b2e-05cd68b344a4', 'ČS - úvěry', 'http://onlinekompas.cz/', NULL, 0, '2025-10-23 16:11:25.319911+00', false);
INSERT INTO public.links (id, category_id, display_name, url, favicon_url, display_order, created_at, is_archived) VALUES ('0a87f146-1850-42be-b2f9-4b75a9ac89e1', 'a87aed46-cd17-4721-9b2e-05cd68b344a4', 'Hypoteční Banka', 'http://onlinekompas.cz/', NULL, 1, '2025-10-23 16:11:25.319911+00', false);
INSERT INTO public.links (id, category_id, display_name, url, favicon_url, display_order, created_at, is_archived) VALUES ('4c25ed59-347c-4906-bbfa-1e7c1f6d659e', 'a87aed46-cd17-4721-9b2e-05cd68b344a4', 'Hypoteční banka NEW', 'http://onlinekompas.cz/', NULL, 2, '2025-10-23 16:11:25.319911+00', false);
INSERT INTO public.links (id, category_id, display_name, url, favicon_url, display_order, created_at, is_archived) VALUES ('b13160c8-3a43-4736-a5e9-2459741f68bb', 'a87aed46-cd17-4721-9b2e-05cd68b344a4', 'Moneta Bank', 'http://onlinekompas.cz/', NULL, 3, '2025-10-23 16:11:25.319911+00', false);
INSERT INTO public.links (id, category_id, display_name, url, favicon_url, display_order, created_at, is_archived) VALUES ('37fb4bbc-b352-4ce6-ab26-3c5c16b02550', 'a87aed46-cd17-4721-9b2e-05cd68b344a4', 'Moneta SS', 'http://onlinekompas.cz/', NULL, 4, '2025-10-23 16:11:25.319911+00', false);
INSERT INTO public.links (id, category_id, display_name, url, favicon_url, display_order, created_at, is_archived) VALUES ('21ca16b8-2fca-4139-baef-314037d852dc', 'a87aed46-cd17-4721-9b2e-05cd68b344a4', 'Modrá Pyramida', 'http://onlinekompas.cz/', NULL, 5, '2025-10-23 16:11:25.319911+00', false);
INSERT INTO public.links (id, category_id, display_name, url, favicon_url, display_order, created_at, is_archived) VALUES ('1b467dc2-990a-4de9-b894-37956f7fa062', 'a87aed46-cd17-4721-9b2e-05cd68b344a4', 'KB - NOBY', 'http://onlinekompas.cz/', NULL, 6, '2025-10-23 16:11:25.319911+00', false);
INSERT INTO public.links (id, category_id, display_name, url, favicon_url, display_order, created_at, is_archived) VALUES ('d1ce00f7-ce21-4ecc-a52a-71c6d8bcc58b', 'a87aed46-cd17-4721-9b2e-05cd68b344a4', 'RSTS - CIBIS', 'http://onlinekompas.cz/', NULL, 7, '2025-10-23 16:11:25.319911+00', false);
INSERT INTO public.links (id, category_id, display_name, url, favicon_url, display_order, created_at, is_archived) VALUES ('6425b44d-cd19-4ca6-b9c3-7da397b0ff9a', 'a87aed46-cd17-4721-9b2e-05cd68b344a4', 'Raiffeisenank FA portal', 'http://onlinekompas.cz/', NULL, 8, '2025-10-23 16:11:25.319911+00', false);
INSERT INTO public.links (id, category_id, display_name, url, favicon_url, display_order, created_at, is_archived) VALUES ('29d76f61-ca55-4ace-bb4d-8896f2de4b22', 'a87aed46-cd17-4721-9b2e-05cd68b344a4', 'RSTS - Especialista', 'http://onlinekompas.cz/', NULL, 9, '2025-10-23 16:11:25.319911+00', false);
INSERT INTO public.links (id, category_id, display_name, url, favicon_url, display_order, created_at, is_archived) VALUES ('e0fa63fc-5b20-48b2-84d6-2c0d4a110a04', 'a87aed46-cd17-4721-9b2e-05cd68b344a4', 'Sberbank', 'http://onlinekompas.cz/', NULL, 10, '2025-10-23 16:11:25.319911+00', false);
INSERT INTO public.links (id, category_id, display_name, url, favicon_url, display_order, created_at, is_archived) VALUES ('b72f8d52-0985-4c9a-b591-d5fb4052193a', 'a87aed46-cd17-4721-9b2e-05cd68b344a4', 'Cofidis', 'http://onlinekompas.cz/', NULL, 11, '2025-10-23 16:11:25.319911+00', false);
INSERT INTO public.links (id, category_id, display_name, url, favicon_url, display_order, created_at, is_archived) VALUES ('c1c366a9-31bc-415b-8e48-6678d36dd9cc', 'a87aed46-cd17-4721-9b2e-05cd68b344a4', 'Banka Creditas', 'http://onlinekompas.cz/', NULL, 12, '2025-10-23 16:11:25.319911+00', false);
INSERT INTO public.links (id, category_id, display_name, url, favicon_url, display_order, created_at, is_archived) VALUES ('b43c65ea-9ff1-4bf1-b1d0-4f0722a35015', 'a87aed46-cd17-4721-9b2e-05cd68b344a4', 'Zaloto.cz', 'http://onlinekompas.cz/', NULL, 13, '2025-10-23 16:11:25.319911+00', false);
INSERT INTO public.links (id, category_id, display_name, url, favicon_url, display_order, created_at, is_archived) VALUES ('ae57df89-f446-4994-ae8f-73577b08ac15', 'a87aed46-cd17-4721-9b2e-05cd68b344a4', 'Ohrozene obchody', 'http://onlinekompas.cz/', NULL, 14, '2025-10-23 16:11:25.319911+00', false);
INSERT INTO public.links (id, category_id, display_name, url, favicon_url, display_order, created_at, is_archived) VALUES ('e56008c4-0111-4c98-8aa5-e39b79a4b7bd', '0686f90a-e8c2-4c72-8608-6d53e5d3d460', 'ČPP SUS', 'http://onlinekompas.cz/', NULL, 0, '2025-10-23 16:11:25.373512+00', false);
INSERT INTO public.links (id, category_id, display_name, url, favicon_url, display_order, created_at, is_archived) VALUES ('f1d56b4b-1b5b-4f11-bd77-4f05e80bdf2e', '0686f90a-e8c2-4c72-8608-6d53e5d3d460', 'Allianz', 'http://onlinekompas.cz/', NULL, 1, '2025-10-23 16:11:25.373512+00', false);
INSERT INTO public.links (id, category_id, display_name, url, favicon_url, display_order, created_at, is_archived) VALUES ('117e7bc4-ded1-4cf6-93de-3410d4bb738a', '0686f90a-e8c2-4c72-8608-6d53e5d3d460', 'Kooperativa', 'http://onlinekompas.cz/', NULL, 2, '2025-10-23 16:11:25.373512+00', false);
INSERT INTO public.links (id, category_id, display_name, url, favicon_url, display_order, created_at, is_archived) VALUES ('fe17e786-db8d-469a-b7d7-53432d638ee3', '0686f90a-e8c2-4c72-8608-6d53e5d3d460', 'Komerční pojišťovna', 'http://onlinekompas.cz/', NULL, 3, '2025-10-23 16:11:25.373512+00', false);
INSERT INTO public.links (id, category_id, display_name, url, favicon_url, display_order, created_at, is_archived) VALUES ('091fa70b-d231-4503-ab84-19d03038f53e', '0686f90a-e8c2-4c72-8608-6d53e5d3d460', 'ČSOB', 'http://onlinekompas.cz/', NULL, 4, '2025-10-23 16:11:25.373512+00', false);
INSERT INTO public.links (id, category_id, display_name, url, favicon_url, display_order, created_at, is_archived) VALUES ('08683d85-123e-467e-be03-533fed61d582', '134c685c-a024-4c00-8ddb-d6e4e6ba7ac5', 'Zeteo - demo NEW', 'http://onlinekompas.cz/', NULL, 0, '2025-10-23 16:11:25.169256+00', false);
INSERT INTO public.links (id, category_id, display_name, url, favicon_url, display_order, created_at, is_archived) VALUES ('813d188f-946a-4d76-9bd6-cab931814eb3', '134c685c-a024-4c00-8ddb-d6e4e6ba7ac5', 'ZETEO porovnavac ZIVOTA', 'http://onlinekompas.cz/', NULL, 1, '2025-10-23 16:11:25.169256+00', false);
INSERT INTO public.links (id, category_id, display_name, url, favicon_url, display_order, created_at, is_archived) VALUES ('92752083-9826-48a9-b51e-00f4375cf8af', '134c685c-a024-4c00-8ddb-d6e4e6ba7ac5', 'ZETEO DEMO BSFA', 'http://onlinekompas.cz/', NULL, 2, '2025-10-23 16:11:25.169256+00', false);
INSERT INTO public.links (id, category_id, display_name, url, favicon_url, display_order, created_at, is_archived) VALUES ('49578eb6-13fa-4c8d-9d58-4a2be5643aef', '134c685c-a024-4c00-8ddb-d6e4e6ba7ac5', 'ZETEO demo', 'http://onlinekompas.cz/', NULL, 3, '2025-10-23 16:11:25.169256+00', false);
INSERT INTO public.links (id, category_id, display_name, url, favicon_url, display_order, created_at, is_archived) VALUES ('c65c211e-c96f-47b0-bb18-37d75e881487', '134c685c-a024-4c00-8ddb-d6e4e6ba7ac5', '#finBOB PŘEHLED', 'http://onlinekompas.cz/', NULL, 4, '2025-10-23 16:11:25.169256+00', false);
INSERT INTO public.links (id, category_id, display_name, url, favicon_url, display_order, created_at, is_archived) VALUES ('95aa3557-e903-4e9d-965d-1b8393e0e8f5', '5a7535db-b459-4186-94a9-04a609ce2f8a', 'Clickup - Bohemika', 'http://onlinekompas.cz/', NULL, 0, '2025-10-23 16:11:25.23579+00', false);
INSERT INTO public.links (id, category_id, display_name, url, favicon_url, display_order, created_at, is_archived) VALUES ('69c68d66-f2f8-4cc6-9e66-099b1c79efab', '5a7535db-b459-4186-94a9-04a609ce2f8a', 'Nova aplikace - ostra', 'http://onlinekompas.cz/', NULL, 1, '2025-10-23 16:11:25.23579+00', false);
INSERT INTO public.links (id, category_id, display_name, url, favicon_url, display_order, created_at, is_archived) VALUES ('4765d4fa-c47c-4258-a162-beb250d8135f', '5a7535db-b459-4186-94a9-04a609ce2f8a', 'Nová Aplikace test', 'http://onlinekompas.cz/', NULL, 2, '2025-10-23 16:11:25.23579+00', false);
INSERT INTO public.links (id, category_id, display_name, url, favicon_url, display_order, created_at, is_archived) VALUES ('262bc21c-6038-4355-971b-1be422251eba', '5a7535db-b459-4186-94a9-04a609ce2f8a', 'NS Test.bsfaplikace.cz', 'http://onlinekompas.cz/', NULL, 3, '2025-10-23 16:11:25.23579+00', false);
INSERT INTO public.links (id, category_id, display_name, url, favicon_url, display_order, created_at, is_archived) VALUES ('f13a01b0-79fa-41e1-947d-126ea53ab087', '5a7535db-b459-4186-94a9-04a609ce2f8a', 'CPP FINBOB NEW', 'http://onlinekompas.cz/', NULL, 4, '2025-10-23 16:11:25.23579+00', false);
INSERT INTO public.links (id, category_id, display_name, url, favicon_url, display_order, created_at, is_archived) VALUES ('97b8bdf1-b995-4597-80a6-3f374acce5ce', '5a7535db-b459-4186-94a9-04a609ce2f8a', 'Test.cpps.finbob.cz', 'http://onlinekompas.cz/', NULL, 5, '2025-10-23 16:11:25.23579+00', false);
INSERT INTO public.links (id, category_id, display_name, url, favicon_url, display_order, created_at, is_archived) VALUES ('83ee435a-97f7-4b60-b58e-c8f962999a5c', '5a7535db-b459-4186-94a9-04a609ce2f8a', 'NOVY TEST FINBOB', 'http://onlinekompas.cz/', NULL, 6, '2025-10-23 16:11:25.23579+00', false);
INSERT INTO public.links (id, category_id, display_name, url, favicon_url, display_order, created_at, is_archived) VALUES ('b9ad5b1c-4784-420a-ba2a-e58e7e8af1b7', '5a7535db-b459-4186-94a9-04a609ce2f8a', 'ClickUp -MM zadání', 'http://onlinekompas.cz/', NULL, 7, '2025-10-23 16:11:25.23579+00', false);
INSERT INTO public.links (id, category_id, display_name, url, favicon_url, display_order, created_at, is_archived) VALUES ('889bcf66-ce04-48ec-bf76-a0055301d331', '5a7535db-b459-4186-94a9-04a609ce2f8a', 'Ucty - elektronicka dokumentace', 'http://onlinekompas.cz/', NULL, 8, '2025-10-23 16:11:25.23579+00', false);
INSERT INTO public.links (id, category_id, display_name, url, favicon_url, display_order, created_at, is_archived) VALUES ('c80daa4a-f10c-4c72-a858-b37a781c6c82', '5a7535db-b459-4186-94a9-04a609ce2f8a', 'Přehled o stavu vývoje aplikace BSFA', 'http://onlinekompas.cz/', NULL, 9, '2025-10-23 16:11:25.23579+00', false);
INSERT INTO public.links (id, category_id, display_name, url, favicon_url, display_order, created_at, is_archived) VALUES ('6aba0c82-ecb8-4d97-892b-1b9f7b72513a', '5a7535db-b459-4186-94a9-04a609ce2f8a', 'CPPS ostra verze', 'http://onlinekompas.cz/', NULL, 10, '2025-10-23 16:11:25.23579+00', false);
INSERT INTO public.links (id, category_id, display_name, url, favicon_url, display_order, created_at, is_archived) VALUES ('af1a1eca-125c-4427-95f4-34cb07a1e4c2', '5a7535db-b459-4186-94a9-04a609ce2f8a', 'BSFA LOG OUT', 'http://onlinekompas.cz/', NULL, 11, '2025-10-23 16:11:25.23579+00', false);
INSERT INTO public.links (id, category_id, display_name, url, favicon_url, display_order, created_at, is_archived) VALUES ('cc7f750c-bf6e-450e-8759-d69203dd0a5c', '5a7535db-b459-4186-94a9-04a609ce2f8a', 'New FinBOB - dokumentace', 'http://onlinekompas.cz/', NULL, 12, '2025-10-23 16:11:25.23579+00', false);
INSERT INTO public.links (id, category_id, display_name, url, favicon_url, display_order, created_at, is_archived) VALUES ('86437c67-9fee-496c-88d7-9aba1e210031', '5a7535db-b459-4186-94a9-04a609ce2f8a', 'FinBOB.com ČPP', 'http://onlinekompas.cz/', NULL, 13, '2025-10-23 16:11:25.23579+00', false);
INSERT INTO public.links (id, category_id, display_name, url, favicon_url, display_order, created_at, is_archived) VALUES ('c94b0c88-9af9-4a66-95ea-35fb4b8b14f8', '5a7535db-b459-4186-94a9-04a609ce2f8a', 'Bsfaplikace.cz', 'http://onlinekompas.cz/', NULL, 14, '2025-10-23 16:11:25.23579+00', false);
INSERT INTO public.links (id, category_id, display_name, url, favicon_url, display_order, created_at, is_archived) VALUES ('42fbd5a1-8944-4ab5-a9aa-a1ab25e25d76', '5a7535db-b459-4186-94a9-04a609ce2f8a', 'BSFA USERS', 'http://onlinekompas.cz/', NULL, 15, '2025-10-23 16:11:25.23579+00', false);
INSERT INTO public.links (id, category_id, display_name, url, favicon_url, display_order, created_at, is_archived) VALUES ('f92bd5d9-e0f1-4c4d-8990-f158b15f46b0', '5a7535db-b459-4186-94a9-04a609ce2f8a', 'Crossel', 'http://onlinekompas.cz/', NULL, 16, '2025-10-23 16:11:25.23579+00', false);
INSERT INTO public.links (id, category_id, display_name, url, favicon_url, display_order, created_at, is_archived) VALUES ('498f1ce7-968d-471d-890b-5dd14f2382c8', 'c4e38fa6-96ff-4993-9d9d-de30580a398a', 'Porovnání 2 hypoték : GOFIS', 'http://onlinekompas.cz/', NULL, 0, '2025-10-23 16:11:25.289887+00', false);
INSERT INTO public.links (id, category_id, display_name, url, favicon_url, display_order, created_at, is_archived) VALUES ('6a55461b-6e87-48fc-9252-401705559645', 'c4e38fa6-96ff-4993-9d9d-de30580a398a', 'Hypoteční kalkulačka', 'http://onlinekompas.cz/', NULL, 1, '2025-10-23 16:11:25.289887+00', false);
INSERT INTO public.links (id, category_id, display_name, url, favicon_url, display_order, created_at, is_archived) VALUES ('5b3a77ff-83ca-46ee-817e-ef6c58cff061', 'c4e38fa6-96ff-4993-9d9d-de30580a398a', 'ARES', 'http://onlinekompas.cz/', NULL, 2, '2025-10-23 16:11:25.289887+00', false);
INSERT INTO public.links (id, category_id, display_name, url, favicon_url, display_order, created_at, is_archived) VALUES ('6e9158dc-b6b4-4922-bff9-62f105a75037', 'c4e38fa6-96ff-4993-9d9d-de30580a398a', 'Živnostenský rejstřík', 'http://onlinekompas.cz/', NULL, 3, '2025-10-23 16:11:25.289887+00', false);
INSERT INTO public.links (id, category_id, display_name, url, favicon_url, display_order, created_at, is_archived) VALUES ('1023dc18-8371-46a1-ada5-93439848c108', 'c4e38fa6-96ff-4993-9d9d-de30580a398a', 'Omněna notáře', 'http://onlinekompas.cz/', NULL, 4, '2025-10-23 16:11:25.289887+00', false);
INSERT INTO public.links (id, category_id, display_name, url, favicon_url, display_order, created_at, is_archived) VALUES ('64f226e1-2410-456e-87ad-e7afe51959f5', 'c4e38fa6-96ff-4993-9d9d-de30580a398a', 'ČÚZK', 'http://onlinekompas.cz/', NULL, 5, '2025-10-23 16:11:25.289887+00', false);
INSERT INTO public.links (id, category_id, display_name, url, favicon_url, display_order, created_at, is_archived) VALUES ('d6c449b6-99c6-4a16-a7f5-be5475598819', 'c4e38fa6-96ff-4993-9d9d-de30580a398a', 'KB - stažení pohybů', 'http://onlinekompas.cz/', NULL, 6, '2025-10-23 16:11:25.289887+00', false);
INSERT INTO public.links (id, category_id, display_name, url, favicon_url, display_order, created_at, is_archived) VALUES ('a04f8f7b-b0ac-43ff-8231-8bbadbac93b1', 'c4e38fa6-96ff-4993-9d9d-de30580a398a', 'Datové schránky', 'http://onlinekompas.cz/', NULL, 7, '2025-10-23 16:11:25.289887+00', false);
INSERT INTO public.links (id, category_id, display_name, url, favicon_url, display_order, created_at, is_archived) VALUES ('14dea6ea-c44c-4744-b352-8c84ad1f13ef', 'c4e38fa6-96ff-4993-9d9d-de30580a398a', 'Výpočet úroků | Výpočet úroků z prodlení | Online advokátní kalkulačka zdarma', 'http://onlinekompas.cz/', NULL, 8, '2025-10-23 16:11:25.289887+00', false);
INSERT INTO public.links (id, category_id, display_name, url, favicon_url, display_order, created_at, is_archived) VALUES ('4473513f-b63f-4ee7-9c25-a6de089e7b09', 'c4e38fa6-96ff-4993-9d9d-de30580a398a', 'Soused radí', 'http://onlinekompas.cz/', NULL, 9, '2025-10-23 16:11:25.289887+00', false);
INSERT INTO public.links (id, category_id, display_name, url, favicon_url, display_order, created_at, is_archived) VALUES ('5d01cf44-af43-4821-9e39-e7425712dfc5', 'c4e38fa6-96ff-4993-9d9d-de30580a398a', 'ČNB  - login stranka', 'http://onlinekompas.cz/', NULL, 10, '2025-10-23 16:11:25.289887+00', false);
INSERT INTO public.links (id, category_id, display_name, url, favicon_url, display_order, created_at, is_archived) VALUES ('3ebd5c59-89af-4acb-bec7-0ed8fdf727d4', 'c4e38fa6-96ff-4993-9d9d-de30580a398a', 'CAP povodně', 'http://onlinekompas.cz/', NULL, 11, '2025-10-23 16:11:25.289887+00', false);
INSERT INTO public.links (id, category_id, display_name, url, favicon_url, display_order, created_at, is_archived) VALUES ('ee0b4167-37dc-4b6e-9229-5673c0ffaffd', 'c4e38fa6-96ff-4993-9d9d-de30580a398a', 'Datové schránky', 'http://onlinekompas.cz/', NULL, 12, '2025-10-23 16:11:25.289887+00', false);
INSERT INTO public.links (id, category_id, display_name, url, favicon_url, display_order, created_at, is_archived) VALUES ('c4eecb45-f022-425b-a9d8-ca5e20d08534', 'c4e38fa6-96ff-4993-9d9d-de30580a398a', 'Jak na výpověď smlouvy o stavebním spoření', 'http://onlinekompas.cz/', NULL, 13, '2025-10-23 16:11:25.289887+00', false);
INSERT INTO public.links (id, category_id, display_name, url, favicon_url, display_order, created_at, is_archived) VALUES ('4c7ec5e8-efcb-4b98-8fcf-7581d9802bab', 'c4e38fa6-96ff-4993-9d9d-de30580a398a', 'Kalkulačka RPSN', 'http://onlinekompas.cz/', NULL, 14, '2025-10-23 16:11:25.289887+00', false);
INSERT INTO public.links (id, category_id, display_name, url, favicon_url, display_order, created_at, is_archived) VALUES ('018d16e2-8a75-4309-bee5-1064540978ec', 'c4e38fa6-96ff-4993-9d9d-de30580a398a', 'Informativní důchodová aplikace', 'http://onlinekompas.cz/', NULL, 15, '2025-10-23 16:11:25.289887+00', false);
INSERT INTO public.links (id, category_id, display_name, url, favicon_url, display_order, created_at, is_archived) VALUES ('0537033f-9cb4-4d02-ae35-c0b2590da2a1', 'c4e38fa6-96ff-4993-9d9d-de30580a398a', 'Výpočet spotřeby elektřiny — online kalkulačka', 'http://onlinekompas.cz/', NULL, 16, '2025-10-23 16:11:25.289887+00', false);
INSERT INTO public.links (id, category_id, display_name, url, favicon_url, display_order, created_at, is_archived) VALUES ('1f609a62-38a0-45d2-a807-3f455eeb76a5', 'c4e38fa6-96ff-4993-9d9d-de30580a398a', 'Power Apps', 'http://onlinekompas.cz/', NULL, 17, '2025-10-23 16:11:25.289887+00', false);
INSERT INTO public.links (id, category_id, display_name, url, favicon_url, display_order, created_at, is_archived) VALUES ('58d11c38-33f5-4957-9ec2-8caafa61d858', 'c4e38fa6-96ff-4993-9d9d-de30580a398a', 'Generátor QR Platby', 'http://onlinekompas.cz/', NULL, 18, '2025-10-23 16:11:25.289887+00', false);
INSERT INTO public.links (id, category_id, display_name, url, favicon_url, display_order, created_at, is_archived) VALUES ('23233da7-a802-41e6-8dca-3aa904b2eeb5', 'c4e38fa6-96ff-4993-9d9d-de30580a398a', 'QR kody | GENEROVÁNÍ', 'http://onlinekompas.cz/', NULL, 19, '2025-10-23 16:11:25.289887+00', false);
INSERT INTO public.links (id, category_id, display_name, url, favicon_url, display_order, created_at, is_archived) VALUES ('df1f099b-b2ad-4cd5-9f32-f8134ca49891', 'abd0ccba-7f08-4a34-b273-f286e310aaf3', 'Géčko', 'http://onlinekompas.cz/', NULL, 0, '2025-10-23 16:11:25.346082+00', false);
INSERT INTO public.links (id, category_id, display_name, url, favicon_url, display_order, created_at, is_archived) VALUES ('6398120a-41e1-4f2c-ad59-9c2bcfb7a74d', 'abd0ccba-7f08-4a34-b273-f286e310aaf3', 'GOFIS', 'http://onlinekompas.cz/', NULL, 1, '2025-10-23 16:11:25.346082+00', false);
INSERT INTO public.links (id, category_id, display_name, url, favicon_url, display_order, created_at, is_archived) VALUES ('e7108b3a-98af-4a58-a257-d917d19147bb', 'abd0ccba-7f08-4a34-b273-f286e310aaf3', 'Přístupy pojišťovny', 'http://onlinekompas.cz/', NULL, 2, '2025-10-23 16:11:25.346082+00', false);
INSERT INTO public.links (id, category_id, display_name, url, favicon_url, display_order, created_at, is_archived) VALUES ('555af6d3-191e-4b8a-b52b-7e351bdf2c2f', 'abd0ccba-7f08-4a34-b273-f286e310aaf3', 'Kalkulačka Hypo', 'http://onlinekompas.cz/', NULL, 3, '2025-10-23 16:11:25.346082+00', false);
INSERT INTO public.links (id, category_id, display_name, url, favicon_url, display_order, created_at, is_archived) VALUES ('8b3edd71-333c-4d7c-be29-5e8ddefa6c8d', 'abd0ccba-7f08-4a34-b273-f286e310aaf3', 'Admin - Firmy.cz MKCZ', 'http://onlinekompas.cz/', NULL, 4, '2025-10-23 16:11:25.346082+00', false);
INSERT INTO public.links (id, category_id, display_name, url, favicon_url, display_order, created_at, is_archived) VALUES ('a6cb719c-f8d3-4d88-b7e4-9b70e7eea80e', 'dcb761e0-e7ee-476b-9112-4f5395e66a0f', '‎Bard – chatový AI nástroj od Googlu založený na jazykovém modelu PaLM 2', 'http://onlinekompas.cz/', NULL, 32, '2025-10-23 16:11:25.474338+00', false);
INSERT INTO public.links (id, category_id, display_name, url, favicon_url, display_order, created_at, is_archived) VALUES ('2f6959c5-4b9c-4ce4-a451-6b8f69182e33', '0686f90a-e8c2-4c72-8608-6d53e5d3d460', 'Direct', 'http://onlinekompas.cz/', NULL, 5, '2025-10-23 16:11:25.373512+00', false);
INSERT INTO public.links (id, category_id, display_name, url, favicon_url, display_order, created_at, is_archived) VALUES ('c35a6582-ee49-49f7-bc7b-1e57cb52e9b5', '0686f90a-e8c2-4c72-8608-6d53e5d3d460', 'Maxima', 'http://onlinekompas.cz/', NULL, 6, '2025-10-23 16:11:25.373512+00', false);
INSERT INTO public.links (id, category_id, display_name, url, favicon_url, display_order, created_at, is_archived) VALUES ('a884210f-d984-4a49-acdb-bdc09e959ef1', '0686f90a-e8c2-4c72-8608-6d53e5d3d460', 'Generali Česká', 'http://onlinekompas.cz/', NULL, 7, '2025-10-23 16:11:25.373512+00', false);
INSERT INTO public.links (id, category_id, display_name, url, favicon_url, display_order, created_at, is_archived) VALUES ('c3219afa-f0b6-49ca-9d9b-f947856a3380', '0686f90a-e8c2-4c72-8608-6d53e5d3d460', 'Unihub.uniqa.cz', 'http://onlinekompas.cz/', NULL, 8, '2025-10-23 16:11:25.373512+00', false);
INSERT INTO public.links (id, category_id, display_name, url, favicon_url, display_order, created_at, is_archived) VALUES ('0ce7da44-93a9-4d45-b1df-4ac935c13ce0', '0686f90a-e8c2-4c72-8608-6d53e5d3d460', 'ERGO', 'http://onlinekompas.cz/', NULL, 9, '2025-10-23 16:11:25.373512+00', false);
INSERT INTO public.links (id, category_id, display_name, url, favicon_url, display_order, created_at, is_archived) VALUES ('bbd0628b-9aeb-49b0-a55f-3d81af0a2256', '0686f90a-e8c2-4c72-8608-6d53e5d3d460', 'J&T Banka', 'http://onlinekompas.cz/', NULL, 10, '2025-10-23 16:11:25.373512+00', false);
INSERT INTO public.links (id, category_id, display_name, url, favicon_url, display_order, created_at, is_archived) VALUES ('138f05c7-83d5-475a-b885-668cc8b549c5', '0686f90a-e8c2-4c72-8608-6d53e5d3d460', 'METLIFE', 'http://onlinekompas.cz/', NULL, 11, '2025-10-23 16:11:25.373512+00', false);
INSERT INTO public.links (id, category_id, display_name, url, favicon_url, display_order, created_at, is_archived) VALUES ('991ebb7f-b357-4cba-8585-e9f6ca72e6d4', '0686f90a-e8c2-4c72-8608-6d53e5d3d460', 'uPortal', 'http://onlinekompas.cz/', NULL, 12, '2025-10-23 16:11:25.373512+00', false);
INSERT INTO public.links (id, category_id, display_name, url, favicon_url, display_order, created_at, is_archived) VALUES ('209b320e-0446-41fc-9033-24e06c89bfd0', '0686f90a-e8c2-4c72-8608-6d53e5d3d460', 'PVZP', 'http://onlinekompas.cz/', NULL, 13, '2025-10-23 16:11:25.373512+00', false);
INSERT INTO public.links (id, category_id, display_name, url, favicon_url, display_order, created_at, is_archived) VALUES ('260d06cf-7243-4767-b8f8-f1456ec528e6', '0686f90a-e8c2-4c72-8608-6d53e5d3d460', 'Vector 2023', 'http://onlinekompas.cz/', NULL, 14, '2025-10-23 16:11:25.373512+00', false);
INSERT INTO public.links (id, category_id, display_name, url, favicon_url, display_order, created_at, is_archived) VALUES ('392eaf21-b289-4587-85c7-a36bbb22c66e', '8d53b456-0d86-47ec-b600-b6fe5968cf3e', 'EKKA gold', 'http://onlinekompas.cz/', NULL, 0, '2025-10-23 16:11:25.421238+00', false);
INSERT INTO public.links (id, category_id, display_name, url, favicon_url, display_order, created_at, is_archived) VALUES ('a56ce3c6-8f9a-4f83-bc85-ce9997206d57', '8d53b456-0d86-47ec-b600-b6fe5968cf3e', 'Moje Investika', 'http://onlinekompas.cz/', NULL, 1, '2025-10-23 16:11:25.421238+00', false);
INSERT INTO public.links (id, category_id, display_name, url, favicon_url, display_order, created_at, is_archived) VALUES ('2695632e-f7da-4da3-97d3-e90adaa698b2', '8d53b456-0d86-47ec-b600-b6fe5968cf3e', 'CONSEQ', 'http://onlinekompas.cz/', NULL, 2, '2025-10-23 16:11:25.421238+00', false);
INSERT INTO public.links (id, category_id, display_name, url, favicon_url, display_order, created_at, is_archived) VALUES ('a9bb1e8f-012b-4da2-be5d-2dd6db9b7cbe', '8d53b456-0d86-47ec-b600-b6fe5968cf3e', 'Portu', 'http://onlinekompas.cz/', NULL, 3, '2025-10-23 16:11:25.421238+00', false);
INSERT INTO public.links (id, category_id, display_name, url, favicon_url, display_order, created_at, is_archived) VALUES ('c71f8afc-5431-4e31-bf4d-147740908121', '8d53b456-0d86-47ec-b600-b6fe5968cf3e', 'Coinbase', 'http://onlinekompas.cz/', NULL, 4, '2025-10-23 16:11:25.421238+00', false);
INSERT INTO public.links (id, category_id, display_name, url, favicon_url, display_order, created_at, is_archived) VALUES ('4f177a73-f263-4f2c-8d1b-f80a058f53f3', '8d53b456-0d86-47ec-b600-b6fe5968cf3e', 'Detail IRS CZK 5Y - Patria.cz', 'http://onlinekompas.cz/', NULL, 5, '2025-10-23 16:11:25.421238+00', false);
INSERT INTO public.links (id, category_id, display_name, url, favicon_url, display_order, created_at, is_archived) VALUES ('ee2157ff-7224-4118-a7ec-5a2f97cabe40', '8d53b456-0d86-47ec-b600-b6fe5968cf3e', 'Detail IRS CZK 10Y - Patria.cz', 'http://onlinekompas.cz/', NULL, 6, '2025-10-23 16:11:25.421238+00', false);
INSERT INTO public.links (id, category_id, display_name, url, favicon_url, display_order, created_at, is_archived) VALUES ('1d469d51-d491-4539-8074-fb71666490c4', '8d53b456-0d86-47ec-b600-b6fe5968cf3e', 'CZ/USD', 'http://onlinekompas.cz/', NULL, 7, '2025-10-23 16:11:25.421238+00', false);
INSERT INTO public.links (id, category_id, display_name, url, favicon_url, display_order, created_at, is_archived) VALUES ('95ff7abc-4b5a-4cc1-b9c2-8829df1854c8', '8d53b456-0d86-47ec-b600-b6fe5968cf3e', 'CZ/EUR', 'http://onlinekompas.cz/', NULL, 8, '2025-10-23 16:11:25.421238+00', false);
INSERT INTO public.links (id, category_id, display_name, url, favicon_url, display_order, created_at, is_archived) VALUES ('8a8c2605-7c9f-4ff8-b404-347148d0acd9', '8d53b456-0d86-47ec-b600-b6fe5968cf3e', 'Colosseum', 'http://onlinekompas.cz/', NULL, 9, '2025-10-23 16:11:25.421238+00', false);
INSERT INTO public.links (id, category_id, display_name, url, favicon_url, display_order, created_at, is_archived) VALUES ('c5f5e430-b81e-49e0-b73d-bff9777a1912', '8d53b456-0d86-47ec-b600-b6fe5968cf3e', 'Tradestreet.cz', 'http://onlinekompas.cz/', NULL, 10, '2025-10-23 16:11:25.421238+00', false);
INSERT INTO public.links (id, category_id, display_name, url, favicon_url, display_order, created_at, is_archived) VALUES ('5c632b23-6523-4d3b-b89b-a71312c7bc09', 'dcb761e0-e7ee-476b-9112-4f5395e66a0f', 'Tinywow', 'http://onlinekompas.cz/', NULL, 0, '2025-10-23 16:11:25.474338+00', false);
INSERT INTO public.links (id, category_id, display_name, url, favicon_url, display_order, created_at, is_archived) VALUES ('3ba4ac05-6157-412b-a43e-ffababcf9771', 'dcb761e0-e7ee-476b-9112-4f5395e66a0f', 'PDF ONLINE', 'http://onlinekompas.cz/', NULL, 1, '2025-10-23 16:11:25.474338+00', false);
INSERT INTO public.links (id, category_id, display_name, url, favicon_url, display_order, created_at, is_archived) VALUES ('95c012f4-9aaa-493f-a321-318406809b78', 'dcb761e0-e7ee-476b-9112-4f5395e66a0f', 'Odstranovač pozadí', 'http://onlinekompas.cz/', NULL, 2, '2025-10-23 16:11:25.474338+00', false);
INSERT INTO public.links (id, category_id, display_name, url, favicon_url, display_order, created_at, is_archived) VALUES ('742cf1c5-1471-42cd-ba69-6f9050dd0d85', 'dcb761e0-e7ee-476b-9112-4f5395e66a0f', 'Photoshop online', 'http://onlinekompas.cz/', NULL, 3, '2025-10-23 16:11:25.474338+00', false);
INSERT INTO public.links (id, category_id, display_name, url, favicon_url, display_order, created_at, is_archived) VALUES ('e560e2ed-c114-47b7-9ed2-0f672cdc35d1', 'dcb761e0-e7ee-476b-9112-4f5395e66a0f', 'Odstraňovač objektů', 'http://onlinekompas.cz/', NULL, 4, '2025-10-23 16:11:25.474338+00', false);
INSERT INTO public.links (id, category_id, display_name, url, favicon_url, display_order, created_at, is_archived) VALUES ('5b662b75-5f53-432e-824f-b542187f388b', 'dcb761e0-e7ee-476b-9112-4f5395e66a0f', 'Radar letadel', 'http://onlinekompas.cz/', NULL, 5, '2025-10-23 16:11:25.474338+00', false);
INSERT INTO public.links (id, category_id, display_name, url, favicon_url, display_order, created_at, is_archived) VALUES ('f5d7b781-61e8-45d7-be4e-a85a8987b94c', 'dcb761e0-e7ee-476b-9112-4f5395e66a0f', 'Emulator online - hry', 'http://onlinekompas.cz/', NULL, 6, '2025-10-23 16:11:25.474338+00', false);
INSERT INTO public.links (id, category_id, display_name, url, favicon_url, display_order, created_at, is_archived) VALUES ('1abf9ab6-cc36-48e9-b34f-d4049bcca21f', 'dcb761e0-e7ee-476b-9112-4f5395e66a0f', 'Generátor receptů', 'http://onlinekompas.cz/', NULL, 7, '2025-10-23 16:11:25.474338+00', false);
INSERT INTO public.links (id, category_id, display_name, url, favicon_url, display_order, created_at, is_archived) VALUES ('27354f48-dbc3-4bb5-ba4a-980a989ae8a0', 'dcb761e0-e7ee-476b-9112-4f5395e66a0f', 'VALUO', 'http://onlinekompas.cz/', NULL, 8, '2025-10-23 16:11:25.474338+00', false);
INSERT INTO public.links (id, category_id, display_name, url, favicon_url, display_order, created_at, is_archived) VALUES ('bbe3eae3-4552-4992-a787-8ec7f4494045', 'dcb761e0-e7ee-476b-9112-4f5395e66a0f', 'Realingo.cz', 'http://onlinekompas.cz/', NULL, 9, '2025-10-23 16:11:25.474338+00', false);
INSERT INTO public.links (id, category_id, display_name, url, favicon_url, display_order, created_at, is_archived) VALUES ('a1fb5fcd-a765-4c4a-81bb-c4e29c249a1d', 'dcb761e0-e7ee-476b-9112-4f5395e66a0f', 'WEDOS', 'http://onlinekompas.cz/', NULL, 10, '2025-10-23 16:11:25.474338+00', false);
INSERT INTO public.links (id, category_id, display_name, url, favicon_url, display_order, created_at, is_archived) VALUES ('e97d8a68-4d84-4598-8a4f-76efa9faf306', 'dcb761e0-e7ee-476b-9112-4f5395e66a0f', 'Eidentita', 'http://onlinekompas.cz/', NULL, 11, '2025-10-23 16:11:25.474338+00', false);
INSERT INTO public.links (id, category_id, display_name, url, favicon_url, display_order, created_at, is_archived) VALUES ('7ef3f6e7-2d17-48d6-9261-62f871e01b3d', 'dcb761e0-e7ee-476b-9112-4f5395e66a0f', 'Zlepšovat kvality Fotek', 'http://onlinekompas.cz/', NULL, 12, '2025-10-23 16:11:25.474338+00', false);
INSERT INTO public.links (id, category_id, display_name, url, favicon_url, display_order, created_at, is_archived) VALUES ('b759c39e-7f37-4273-95ce-d495c3ab5a80', 'dcb761e0-e7ee-476b-9112-4f5395e66a0f', 'Coggle', 'http://onlinekompas.cz/', NULL, 13, '2025-10-23 16:11:25.474338+00', false);
INSERT INTO public.links (id, category_id, display_name, url, favicon_url, display_order, created_at, is_archived) VALUES ('28ad2dd5-0174-4393-b189-1116a101715b', 'dcb761e0-e7ee-476b-9112-4f5395e66a0f', 'Padlet - Provize HM', 'http://onlinekompas.cz/', NULL, 14, '2025-10-23 16:11:25.474338+00', false);
INSERT INTO public.links (id, category_id, display_name, url, favicon_url, display_order, created_at, is_archived) VALUES ('67c1794b-35da-4c01-a1f9-4dae4d2012b0', 'dcb761e0-e7ee-476b-9112-4f5395e66a0f', 'Počasí Brno, předpověď na 5 dní a RADAR | Seznam.czPocitová teplotaTlak vzduchuBIO zátěžRychlost větruRychlost nárazového větruSrážkyOblačno bouřkyPolojasno bouřkyPolojasno bouřkyOblačnoPolojasnoPolojasnoPolojasnoSrážkySníhVítrVýchod slunceZápad slunceOblačno bouřkySrážkySníhVítrZataženo bouřkySrážkySníhVítrOblačnoSrážkySníhVítrOblačnoSrážkySníhVítrVýchod slunceZápad slunceJasnoSrážkySníhVítrJasnoSrážkySníhVítrJasnoSrážkySníhVítrPolojasnoSrážkySníhVítrZataženoSrážkySníhVítrPolojasno bouřkySrážkySníhVítrPolojasnoSrážkySníhVítrPolojasnoSrážkySníhVítrVýchod slunceZápad sluncePolojasnoSrážkySníhVítrPolojasnoSrážkySníhVítrPolojasnoSrážkySníhVítrPolojasno bouřkySrážkySníhVítrPolojasno bouřkySrážkySníhVítrSkoro jasno déšťSrážkySníhVítrJasnoSrážkySníhVítrSkoro jasnoSrážkySníhVítrVýchod slunceZápad sluncePolojasnoSrážkySníhVítrSkoro jasnoSrážkySníhVítrZataženoSrážkySníhVítrPolojasno déšťSrážkySníhVítrSkoro zataženo déšťSrážkySníhVítrZataženoSrážkySníhVítrZataženoSrážkySníhVítrSkoro jasnoSrážkySníhVítrVýchod slunceZápad slunceSkoro jasnoSrážkySníhVítrPolojasnoSrážkySníhVítrSkoro zataženoSrážkySníhVítrPolojasnoSrážkySníhVítrPolojasnoSrážkySníhVítrPolojasnoSrážkySníhVítrPolojasnoSrážkySníhVítrJasnoSrážkySníhVítrVýchod slunceZápad slunceJasnoSrážkySníhVítrSkoro jasnoSrážkySníhVítrSkoro zataženoSrážkySníhVítrZataženoSrážkySníhVítrOblačnoSrážkySníhVítrSkoro jasnoSrážkySníhVítrJasnoSrážkySníhVítrJasnoSrážkySníhVítrJasnoSrážkySníhVítrSkoro jasno bouřkyOblačno bouřkyPolojasno bouřkyPolojasnoPolojasno bouřkyOblačno bouřkyPolojasno bouřkyPolojasno bouřkyPolojasno bouřkySkoro jasno bouřkyOblačno bouřkyPolojasno bouřkySkoro jasnoSkoro jasno bouřky', 'http://onlinekompas.cz/', NULL, 15, '2025-10-23 16:11:25.474338+00', false);
INSERT INTO public.links (id, category_id, display_name, url, favicon_url, display_order, created_at, is_archived) VALUES ('cb4d66cd-4656-4f7c-8011-95e2c628a7e3', 'dcb761e0-e7ee-476b-9112-4f5395e66a0f', 'Soused radí', 'http://onlinekompas.cz/', NULL, 16, '2025-10-23 16:11:25.474338+00', false);
INSERT INTO public.links (id, category_id, display_name, url, favicon_url, display_order, created_at, is_archived) VALUES ('870296d3-1a31-42d0-8656-effb4e2222c8', 'dcb761e0-e7ee-476b-9112-4f5395e66a0f', 'Streamcinema.cz', 'http://onlinekompas.cz/', NULL, 17, '2025-10-23 16:11:25.474338+00', false);
INSERT INTO public.links (id, category_id, display_name, url, favicon_url, display_order, created_at, is_archived) VALUES ('84cb221f-3900-4e00-adfd-99175b8b080e', 'dcb761e0-e7ee-476b-9112-4f5395e66a0f', 'Google Images', 'http://onlinekompas.cz/', NULL, 18, '2025-10-23 16:11:25.474338+00', false);
INSERT INTO public.links (id, category_id, display_name, url, favicon_url, display_order, created_at, is_archived) VALUES ('4bdb50e3-5f4e-43c5-84ea-78d590109087', 'dcb761e0-e7ee-476b-9112-4f5395e66a0f', 'Futurepedia.io', 'http://onlinekompas.cz/', NULL, 19, '2025-10-23 16:11:25.474338+00', false);
INSERT INTO public.links (id, category_id, display_name, url, favicon_url, display_order, created_at, is_archived) VALUES ('351cf484-f840-4c34-a029-9aee0ea1a95c', 'dcb761e0-e7ee-476b-9112-4f5395e66a0f', 'Play Retro Games Online', 'http://onlinekompas.cz/', NULL, 20, '2025-10-23 16:11:25.474338+00', false);
INSERT INTO public.links (id, category_id, display_name, url, favicon_url, display_order, created_at, is_archived) VALUES ('9315dc0b-8efb-4fa1-b52d-046d729edace', 'dcb761e0-e7ee-476b-9112-4f5395e66a0f', 'Půjčovna', 'http://onlinekompas.cz/', NULL, 21, '2025-10-23 16:11:25.474338+00', false);
INSERT INTO public.links (id, category_id, display_name, url, favicon_url, display_order, created_at, is_archived) VALUES ('efa91737-e6a5-4b3c-b2a2-25f8328474e5', 'dcb761e0-e7ee-476b-9112-4f5395e66a0f', 'Přehraj.to', 'http://onlinekompas.cz/', NULL, 22, '2025-10-23 16:11:25.474338+00', false);
INSERT INTO public.links (id, category_id, display_name, url, favicon_url, display_order, created_at, is_archived) VALUES ('8d46bc93-3219-4bbd-b34b-bc0df54f5a63', 'dcb761e0-e7ee-476b-9112-4f5395e66a0f', 'Beverly Hills, 90210', 'http://onlinekompas.cz/', NULL, 23, '2025-10-23 16:11:25.474338+00', false);
INSERT INTO public.links (id, category_id, display_name, url, favicon_url, display_order, created_at, is_archived) VALUES ('5730ef01-ff08-4f64-972b-4723aa87e33b', 'dcb761e0-e7ee-476b-9112-4f5395e66a0f', 'The Simpsons', 'http://onlinekompas.cz/', NULL, 24, '2025-10-23 16:11:25.474338+00', false);
INSERT INTO public.links (id, category_id, display_name, url, favicon_url, display_order, created_at, is_archived) VALUES ('d354ba63-830f-45ea-bf36-555b84f60ff9', 'dcb761e0-e7ee-476b-9112-4f5395e66a0f', 'Online seriály', 'http://onlinekompas.cz/', NULL, 25, '2025-10-23 16:11:25.474338+00', false);
INSERT INTO public.links (id, category_id, display_name, url, favicon_url, display_order, created_at, is_archived) VALUES ('476367c6-bd79-4c81-a647-742440c03045', 'dcb761e0-e7ee-476b-9112-4f5395e66a0f', 'Filmy.kukaj.me', 'http://onlinekompas.cz/', NULL, 26, '2025-10-23 16:11:25.474338+00', false);
INSERT INTO public.links (id, category_id, display_name, url, favicon_url, display_order, created_at, is_archived) VALUES ('40dd7e69-d113-4637-a715-96d1d7d63dd8', 'dcb761e0-e7ee-476b-9112-4f5395e66a0f', 'Obrazek z textu - Adobe Firefly (Beta)', 'http://onlinekompas.cz/', NULL, 27, '2025-10-23 16:11:25.474338+00', false);
INSERT INTO public.links (id, category_id, display_name, url, favicon_url, display_order, created_at, is_archived) VALUES ('c685e04d-7b6d-40a3-9428-1132620978fd', 'dcb761e0-e7ee-476b-9112-4f5395e66a0f', 'Adobe Podcast', 'http://onlinekompas.cz/', NULL, 28, '2025-10-23 16:11:25.474338+00', false);
INSERT INTO public.links (id, category_id, display_name, url, favicon_url, display_order, created_at, is_archived) VALUES ('87195173-9fd1-4471-bcb1-4bd35bb524ce', 'dcb761e0-e7ee-476b-9112-4f5395e66a0f', 'make.com', 'http://onlinekompas.cz/', NULL, 29, '2025-10-23 16:11:25.474338+00', false);
INSERT INTO public.links (id, category_id, display_name, url, favicon_url, display_order, created_at, is_archived) VALUES ('425592c5-13d3-4426-a9fa-80ed768e959f', 'dcb761e0-e7ee-476b-9112-4f5395e66a0f', 'Hotel Paradise', 'http://onlinekompas.cz/', NULL, 30, '2025-10-23 16:11:25.474338+00', false);
INSERT INTO public.links (id, category_id, display_name, url, favicon_url, display_order, created_at, is_archived) VALUES ('64524547-1edb-4fad-89b9-d9a56a598566', 'dcb761e0-e7ee-476b-9112-4f5395e66a0f', 'ChatGPT', 'http://onlinekompas.cz/', NULL, 31, '2025-10-23 16:11:25.474338+00', false);
INSERT INTO public.links (id, category_id, display_name, url, favicon_url, display_order, created_at, is_archived) VALUES ('cec206b7-5098-4846-b33a-251855817b77', 'bf817072-6a7d-424d-b63b-10267f19deb9', 'MS Store od TOMASE', 'http://onlinekompas.cz/', NULL, 0, '2025-10-23 16:11:25.398668+00', false);
INSERT INTO public.links (id, category_id, display_name, url, favicon_url, display_order, created_at, is_archived) VALUES ('19edb1a7-7b8a-406b-bc0f-8164f2e037d1', '1536dc14-89a8-4372-bfa1-22a7ee4e797b', 'Byt Zborovská', 'http://onlinekompas.cz/', NULL, 0, '2025-10-23 16:11:25.449977+00', false);
INSERT INTO public.links (id, category_id, display_name, url, favicon_url, display_order, created_at, is_archived) VALUES ('1b7770ff-e234-4cd9-9ad3-4f832ba02798', '1536dc14-89a8-4372-bfa1-22a7ee4e797b', 'Tipy na výlet Brno a okolí | 100+ atrakcí | NaVylet.cz', 'http://onlinekompas.cz/', NULL, 1, '2025-10-23 16:11:25.449977+00', false);
INSERT INTO public.links (id, category_id, display_name, url, favicon_url, display_order, created_at, is_archived) VALUES ('653ce2a4-4877-46d9-8dfe-9191c9c76257', '1536dc14-89a8-4372-bfa1-22a7ee4e797b', 'Albert', 'http://onlinekompas.cz/', NULL, 2, '2025-10-23 16:11:25.449977+00', false);
INSERT INTO public.links (id, category_id, display_name, url, favicon_url, display_order, created_at, is_archived) VALUES ('2203ac87-c6f0-466b-850d-b4dd9fa20d87', '1536dc14-89a8-4372-bfa1-22a7ee4e797b', 'Sreality - statistika', 'http://onlinekompas.cz/', NULL, 3, '2025-10-23 16:11:25.449977+00', false);
INSERT INTO public.links (id, category_id, display_name, url, favicon_url, display_order, created_at, is_archived) VALUES ('927fa48b-d3f2-4ee4-8f0e-02fc24ffa6dc', '1536dc14-89a8-4372-bfa1-22a7ee4e797b', 'Chytrý zámek SETINO S31B Aluminium Smart Lock Pro všechny dveře', 'http://onlinekompas.cz/', NULL, 4, '2025-10-23 16:11:25.449977+00', false);
INSERT INTO public.links (id, category_id, display_name, url, favicon_url, display_order, created_at, is_archived) VALUES ('9032bfeb-8457-4c8a-854c-a2e2c9eab236', '1536dc14-89a8-4372-bfa1-22a7ee4e797b', 'GD-04K Univerzální GSM komunikátor a ovladač', 'http://onlinekompas.cz/', NULL, 5, '2025-10-23 16:11:25.449977+00', false);
INSERT INTO public.links (id, category_id, display_name, url, favicon_url, display_order, created_at, is_archived) VALUES ('9c14a09f-50a9-4d6a-896f-c63e40593e6b', '1536dc14-89a8-4372-bfa1-22a7ee4e797b', 'http://onlinekompas.cz/', 'http://onlinekompas.cz/', NULL, 6, '2025-10-23 16:11:25.449977+00', false);
INSERT INTO public.links (id, category_id, display_name, url, favicon_url, display_order, created_at, is_archived) VALUES ('97a5e978-04d3-4b89-98af-fd952457dfac', '1536dc14-89a8-4372-bfa1-22a7ee4e797b', 'WiFi extender TP-Link RE305 AC1200 (RE305) bílý | DATART', 'http://onlinekompas.cz/', NULL, 7, '2025-10-23 16:11:25.449977+00', false);
INSERT INTO public.links (id, category_id, display_name, url, favicon_url, display_order, created_at, is_archived) VALUES ('4f4e898a-d39b-4320-8bda-a6e6e88aad3b', '1536dc14-89a8-4372-bfa1-22a7ee4e797b', 'TrhKnih', 'http://onlinekompas.cz/', NULL, 8, '2025-10-23 16:11:25.449977+00', false);
INSERT INTO public.links (id, category_id, display_name, url, favicon_url, display_order, created_at, is_archived) VALUES ('a424c09b-223d-47b7-83b5-1e47a7114224', '1536dc14-89a8-4372-bfa1-22a7ee4e797b', 'Schránka na klíče s kódovým zámkem, na 60 klíčů | B2B Partner', 'http://onlinekompas.cz/', NULL, 9, '2025-10-23 16:11:25.449977+00', false);
INSERT INTO public.links (id, category_id, display_name, url, favicon_url, display_order, created_at, is_archived) VALUES ('55612167-b94c-4eb2-9114-f409f34fb2e1', '1536dc14-89a8-4372-bfa1-22a7ee4e797b', 'Sněmovní tisk 199', 'http://onlinekompas.cz/', NULL, 10, '2025-10-23 16:11:25.449977+00', false);
INSERT INTO public.links (id, category_id, display_name, url, favicon_url, display_order, created_at, is_archived) VALUES ('3a9a63ca-3c18-49f3-979c-4d8f5207549a', '1536dc14-89a8-4372-bfa1-22a7ee4e797b', 'Eshop.maso-klouda.cz', 'http://onlinekompas.cz/', NULL, 11, '2025-10-23 16:11:25.449977+00', false);
INSERT INTO public.links (id, category_id, display_name, url, favicon_url, display_order, created_at, is_archived) VALUES ('337c6bde-8d00-431a-b362-c1b4abb8c4a1', '1536dc14-89a8-4372-bfa1-22a7ee4e797b', 'Dropick.cz', 'http://onlinekompas.cz/', NULL, 12, '2025-10-23 16:11:25.449977+00', false);
INSERT INTO public.links (id, category_id, display_name, url, favicon_url, display_order, created_at, is_archived) VALUES ('142e1f9d-912d-436e-8224-d4bfd780ce71', '1536dc14-89a8-4372-bfa1-22a7ee4e797b', 'Nejlepší převod textu na řeč online Nejlepší převod textu na řeč online - Speechify', 'http://onlinekompas.cz/', NULL, 13, '2025-10-23 16:11:25.449977+00', false);
INSERT INTO public.links (id, category_id, display_name, url, favicon_url, display_order, created_at, is_archived) VALUES ('b2bda0bd-4b3c-4b41-b99a-8eb6f8ae90d7', '1536dc14-89a8-4372-bfa1-22a7ee4e797b', 'AI - uměla inteligence MS', 'http://onlinekompas.cz/', NULL, 14, '2025-10-23 16:11:25.449977+00', false);
INSERT INTO public.links (id, category_id, display_name, url, favicon_url, display_order, created_at, is_archived) VALUES ('1942ead3-e6de-4b6e-9c3c-cd4be5550659', '1536dc14-89a8-4372-bfa1-22a7ee4e797b', 'Kaggle', 'http://onlinekompas.cz/', NULL, 15, '2025-10-23 16:11:25.449977+00', false);
INSERT INTO public.links (id, category_id, display_name, url, favicon_url, display_order, created_at, is_archived) VALUES ('8f4d589b-a13f-42f0-b901-883e5ea56fda', '1536dc14-89a8-4372-bfa1-22a7ee4e797b', 'Školení | Microsoft Learn', 'http://onlinekompas.cz/', NULL, 16, '2025-10-23 16:11:25.449977+00', false);
INSERT INTO public.links (id, category_id, display_name, url, favicon_url, display_order, created_at, is_archived) VALUES ('d932992a-a968-4135-a80e-b451bd1e3535', '1536dc14-89a8-4372-bfa1-22a7ee4e797b', 'Hvězdárna a planetárium Brno', 'http://onlinekompas.cz/', NULL, 17, '2025-10-23 16:11:25.449977+00', false);
INSERT INTO public.links (id, category_id, display_name, url, favicon_url, display_order, created_at, is_archived) VALUES ('c71d4bb7-93ba-43c7-962f-45be00987709', '1536dc14-89a8-4372-bfa1-22a7ee4e797b', 'Ceník služeb Parkers | Parkers s.r.o.', 'http://onlinekompas.cz/', NULL, 18, '2025-10-23 16:11:25.449977+00', false);
INSERT INTO public.links (id, category_id, display_name, url, favicon_url, display_order, created_at, is_archived) VALUES ('993cc180-0566-4334-b440-ce3e5bc66db1', '1536dc14-89a8-4372-bfa1-22a7ee4e797b', '49" AOC AGON AG493UCX Gaming  - LCD monitor | Alza.cz', 'http://onlinekompas.cz/', NULL, 19, '2025-10-23 16:11:25.449977+00', false);
INSERT INTO public.links (id, category_id, display_name, url, favicon_url, display_order, created_at, is_archived) VALUES ('ce2206c0-d85d-4abd-9077-a0683ed71dd1', '1536dc14-89a8-4372-bfa1-22a7ee4e797b', 'http://onlinekompas.cz/', 'http://onlinekompas.cz/', NULL, 20, '2025-10-23 16:11:25.449977+00', false);
INSERT INTO public.links (id, category_id, display_name, url, favicon_url, display_order, created_at, is_archived) VALUES ('cf6f2345-5a1c-4a09-bfa3-9faf3eabe223', '1536dc14-89a8-4372-bfa1-22a7ee4e797b', 'Doktor Šimeček', 'http://onlinekompas.cz/', NULL, 21, '2025-10-23 16:11:25.449977+00', false);
INSERT INTO public.links (id, category_id, display_name, url, favicon_url, display_order, created_at, is_archived) VALUES ('699f3e22-dcda-40c6-a005-3cc93a5d8bf7', '1536dc14-89a8-4372-bfa1-22a7ee4e797b', 'Koloidní stříbro 14 mg Ag/l plastová lékovka 500 ml', 'http://onlinekompas.cz/', NULL, 22, '2025-10-23 16:11:25.449977+00', false);
INSERT INTO public.links (id, category_id, display_name, url, favicon_url, display_order, created_at, is_archived) VALUES ('f5b319bb-9f2c-414f-bf3f-8a8cfa904c7b', '1536dc14-89a8-4372-bfa1-22a7ee4e797b', 'Nemoci léčené živou a mrtvou vodou', 'http://onlinekompas.cz/', NULL, 23, '2025-10-23 16:11:25.449977+00', false);
INSERT INTO public.links (id, category_id, display_name, url, favicon_url, display_order, created_at, is_archived) VALUES ('002b021e-5617-4d78-8970-99734a8f91e7', '1536dc14-89a8-4372-bfa1-22a7ee4e797b', 'Skillmea - online excel skoleni', 'http://onlinekompas.cz/', NULL, 24, '2025-10-23 16:11:25.449977+00', false);
INSERT INTO public.links (id, category_id, display_name, url, favicon_url, display_order, created_at, is_archived) VALUES ('fa07ca7a-c8a9-4ba9-a1f5-0a9989745e92', 'dcb761e0-e7ee-476b-9112-4f5395e66a0f', 'Bing - image create', 'http://onlinekompas.cz/', NULL, 33, '2025-10-23 16:11:25.474338+00', false);
INSERT INTO public.links (id, category_id, display_name, url, favicon_url, display_order, created_at, is_archived) VALUES ('5217309c-ea17-4d51-8594-d213a18a3e4a', 'dcb761e0-e7ee-476b-9112-4f5395e66a0f', 'QR Stuff', 'http://onlinekompas.cz/', NULL, 34, '2025-10-23 16:11:25.474338+00', false);
INSERT INTO public.links (id, category_id, display_name, url, favicon_url, display_order, created_at, is_archived) VALUES ('3f47cca5-3da9-4ff8-bd7f-8cc0cb126925', 'dcb761e0-e7ee-476b-9112-4f5395e66a0f', 'PrehrajTO', 'http://onlinekompas.cz/', NULL, 35, '2025-10-23 16:11:25.474338+00', false);
INSERT INTO public.links (id, category_id, display_name, url, favicon_url, display_order, created_at, is_archived) VALUES ('e7ecf5c3-c311-4420-a17d-48ec22bc60f3', 'dcb761e0-e7ee-476b-9112-4f5395e66a0f', 'ChatPDF', 'http://onlinekompas.cz/', NULL, 36, '2025-10-23 16:11:25.474338+00', false);
INSERT INTO public.links (id, category_id, display_name, url, favicon_url, display_order, created_at, is_archived) VALUES ('f7645830-a453-485c-8930-103d4fe33f89', 'dcb761e0-e7ee-476b-9112-4f5395e66a0f', 'Filmyzadara.cz', 'http://onlinekompas.cz/', NULL, 37, '2025-10-23 16:11:25.474338+00', false);
INSERT INTO public.links (id, category_id, display_name, url, favicon_url, display_order, created_at, is_archived) VALUES ('5f011eb1-ff01-43f4-8538-3860412587e1', 'dcb761e0-e7ee-476b-9112-4f5395e66a0f', 'Adobe Firefly generator fotek', 'http://onlinekompas.cz/', NULL, 38, '2025-10-23 16:11:25.474338+00', false);
INSERT INTO public.links (id, category_id, display_name, url, favicon_url, display_order, created_at, is_archived) VALUES ('70c814c6-30c8-44bc-8bd4-65e641e62160', 'dcb761e0-e7ee-476b-9112-4f5395e66a0f', 'Midjourney AI', 'http://onlinekompas.cz/', NULL, 39, '2025-10-23 16:11:25.474338+00', false);
INSERT INTO public.links (id, category_id, display_name, url, favicon_url, display_order, created_at, is_archived) VALUES ('6982213f-fb66-46b0-b251-2cb97949d6ab', 'dcb761e0-e7ee-476b-9112-4f5395e66a0f', 'Luma AI', 'http://onlinekompas.cz/', NULL, 40, '2025-10-23 16:11:25.474338+00', false);
INSERT INTO public.links (id, category_id, display_name, url, favicon_url, display_order, created_at, is_archived) VALUES ('4b84a69e-cc6a-4104-92f8-2a774fe4c2b4', 'dcb761e0-e7ee-476b-9112-4f5395e66a0f', 'Diotima', 'http://onlinekompas.cz/', NULL, 41, '2025-10-23 16:11:25.474338+00', false);
INSERT INTO public.links (id, category_id, display_name, url, favicon_url, display_order, created_at, is_archived) VALUES ('d034b181-422a-42e4-aafa-0682d497a91a', 'dcb761e0-e7ee-476b-9112-4f5395e66a0f', 'Chingu', 'http://onlinekompas.cz/', NULL, 42, '2025-10-23 16:11:25.474338+00', false);
INSERT INTO public.links (id, category_id, display_name, url, favicon_url, display_order, created_at, is_archived) VALUES ('177244f1-3d55-4263-9c17-2931f2cf7cba', 'dcb761e0-e7ee-476b-9112-4f5395e66a0f', 'Presentace AI', 'http://onlinekompas.cz/', NULL, 43, '2025-10-23 16:11:25.474338+00', false);
INSERT INTO public.links (id, category_id, display_name, url, favicon_url, display_order, created_at, is_archived) VALUES ('39ad6792-7073-40c6-94a4-d93d98dd9f06', 'dcb761e0-e7ee-476b-9112-4f5395e66a0f', 'Gernerovani VIDEA AI', 'http://onlinekompas.cz/', NULL, 44, '2025-10-23 16:11:25.474338+00', false);
INSERT INTO public.links (id, category_id, display_name, url, favicon_url, display_order, created_at, is_archived) VALUES ('18a2b8ed-16c4-48b2-86aa-67b445340051', 'dcb761e0-e7ee-476b-9112-4f5395e66a0f', 'Photoshop | CANVA', 'http://onlinekompas.cz/', NULL, 45, '2025-10-23 16:11:25.474338+00', false);
INSERT INTO public.links (id, category_id, display_name, url, favicon_url, display_order, created_at, is_archived) VALUES ('d52457f1-d8bd-438c-8917-d35d17700ab5', 'dcb761e0-e7ee-476b-9112-4f5395e66a0f', 'Suno AI | tvorba písničky', 'http://onlinekompas.cz/', NULL, 46, '2025-10-23 16:11:25.474338+00', false);
INSERT INTO public.links (id, category_id, display_name, url, favicon_url, display_order, created_at, is_archived) VALUES ('c6899012-54b1-4141-9735-2574b774c4e5', 'dcb761e0-e7ee-476b-9112-4f5395e66a0f', 'API | GPT | Automate the impossible', 'http://onlinekompas.cz/', NULL, 47, '2025-10-23 16:11:25.474338+00', false);
INSERT INTO public.links (id, category_id, display_name, url, favicon_url, display_order, created_at, is_archived) VALUES ('d0e2f042-ce64-46f7-ba99-fb746ae88676', 'dcb761e0-e7ee-476b-9112-4f5395e66a0f', 'Notebook Geminy', 'http://onlinekompas.cz/', NULL, 48, '2025-10-23 16:11:25.474338+00', false);
INSERT INTO public.links (id, category_id, display_name, url, favicon_url, display_order, created_at, is_archived) VALUES ('259e6ab0-fd2f-441b-a498-cda6dda2bcfa', 'dcb761e0-e7ee-476b-9112-4f5395e66a0f', 'Pika Labs | generování videa', 'http://onlinekompas.cz/', NULL, 49, '2025-10-23 16:11:25.474338+00', false);
INSERT INTO public.links (id, category_id, display_name, url, favicon_url, display_order, created_at, is_archived) VALUES ('9e7fec86-dfee-4457-8d6e-9b02c08798df', 'dcb761e0-e7ee-476b-9112-4f5395e66a0f', 'Perplexity AI | analýzy', 'http://onlinekompas.cz/', NULL, 50, '2025-10-23 16:11:25.474338+00', false);
INSERT INTO public.links (id, category_id, display_name, url, favicon_url, display_order, created_at, is_archived) VALUES ('0c114a56-3361-4586-bfbd-a44df8ae5a6b', 'dcb761e0-e7ee-476b-9112-4f5395e66a0f', 'chat.mistral.ai/chat', 'http://onlinekompas.cz/', NULL, 51, '2025-10-23 16:11:25.474338+00', false);
INSERT INTO public.links (id, category_id, display_name, url, favicon_url, display_order, created_at, is_archived) VALUES ('f1f22b14-bbf0-4837-bb40-65873d705b4f', 'dcb761e0-e7ee-476b-9112-4f5395e66a0f', 'Úprava videa | Clipchamp Create', 'http://onlinekompas.cz/', NULL, 52, '2025-10-23 16:11:25.474338+00', false);
INSERT INTO public.links (id, category_id, display_name, url, favicon_url, display_order, created_at, is_archived) VALUES ('f789e97e-ca04-4de3-8a36-f0027a7bdc74', 'dcb761e0-e7ee-476b-9112-4f5395e66a0f', 'HeyGen avatar', 'http://onlinekompas.cz/', NULL, 53, '2025-10-23 16:11:25.474338+00', false);
INSERT INTO public.links (id, category_id, display_name, url, favicon_url, display_order, created_at, is_archived) VALUES ('12a5a32c-069d-4ffc-a221-435a94336383', 'dcb761e0-e7ee-476b-9112-4f5395e66a0f', 'Flow', 'http://onlinekompas.cz/', NULL, 54, '2025-10-23 16:11:25.474338+00', false);
INSERT INTO public.links (id, category_id, display_name, url, favicon_url, display_order, created_at, is_archived) VALUES ('fe9fe606-8aaf-4d53-a5df-2df5c02bd1a2', 'dcb761e0-e7ee-476b-9112-4f5395e66a0f', 'Gemini studio', 'http://onlinekompas.cz/', NULL, 55, '2025-10-23 16:11:25.474338+00', false);
INSERT INTO public.links (id, category_id, display_name, url, favicon_url, display_order, created_at, is_archived) VALUES ('10a4a340-4d83-4c31-9843-b2f1c20e0271', 'dcb761e0-e7ee-476b-9112-4f5395e66a0f', 'Node.js', 'http://onlinekompas.cz/', NULL, 56, '2025-10-23 16:11:25.474338+00', false);
INSERT INTO public.links (id, category_id, display_name, url, favicon_url, display_order, created_at, is_archived) VALUES ('62cc1ec3-c3e3-4417-a6b2-a3a0a0010148', 'dcb761e0-e7ee-476b-9112-4f5395e66a0f', 'TypeScript', 'http://onlinekompas.cz/', NULL, 57, '2025-10-23 16:11:25.474338+00', false);
INSERT INTO public.links (id, category_id, display_name, url, favicon_url, display_order, created_at, is_archived) VALUES ('f4ae4b34-d2b4-4832-96b6-696b4658310c', 'dcb761e0-e7ee-476b-9112-4f5395e66a0f', 'laptops and netbooks :: yoga series :: yoga slim 7 14q8x9 :: 83ed :: 83ed000xck', 'http://onlinekompas.cz/', NULL, 58, '2025-10-23 16:11:25.474338+00', false);


--
-- Data for Name: link_shares; Type: TABLE DATA; Schema: public; Owner: -
--



--
-- Data for Name: tags; Type: TABLE DATA; Schema: public; Owner: -
--



--
-- Data for Name: link_tags; Type: TABLE DATA; Schema: public; Owner: -
--



--
-- Data for Name: pinned_links; Type: TABLE DATA; Schema: public; Owner: -
--



SET SESSION session_replication_role = 'origin';
COMMIT;

--
-- PostgreSQL database dump complete
--

