--
-- PostgreSQL database dump
--

-- Dumped from database version 17.4
BEGIN;
SET SESSION session_replication_role = 'replica';

SET statement_timeout = 0;
SET lock_timeout = 0;
SET idle_in_transaction_session_timeout = 0;
SET transaction_timeout = 0;
SET client_encoding = 'UTF8';
SET standard_conforming_strings = on;
SELECT pg_catalog.set_config('search_path', '', false);
SET check_function_bodies = false;
SET xmloption = content;
SET client_min_messages = warning;
SET row_security = off;

-- Ensure seeding is idempotent by clearing existing data first
TRUNCATE public.link_tags,
		 public.links,
		 public.tags,
		 public.category_shares,
		 public.link_shares,
		 public.groups,
		 public.group_members,
		 public.categories,
		 public.users
		 RESTART IDENTITY CASCADE;

--
-- Data for Name: users; Type: TABLE DATA; Schema: public; Owner: -
--

INSERT INTO public.users (id, email, full_name, role, theme, created_at) VALUES ('4d204e9d-403d-443f-b573-68947e18c47d', 'kost@adminreal.cz', 'Milan', 'admin', 'light', '2025-10-23 16:09:11.895098+00');
INSERT INTO public.users (id, email, full_name, role, theme, created_at) VALUES ('a25b40d4-feaf-4f97-8923-9f5a3b58d33b', 'info@adminreal.cz', 'Zuzana', 'user', 'light', '2025-10-23 16:09:11.895098+00');
INSERT INTO public.users (id, email, full_name, role, theme, created_at) VALUES ('7fe8c05d-3009-40e5-b90a-2ccf9802ac51', 'dvorak@adminreal.cz', 'David', 'user', 'light', '2025-10-23 16:09:11.895098+00');
INSERT INTO public.users (id, email, full_name, role, theme, created_at) VALUES ('8e17fa83-a314-4e60-89e9-681598a1ea39', 'faktury@adminreal.cz', 'Iveta', 'user', 'light', '2025-10-23 16:09:11.895098+00');


--
-- Data for Name: categories; Type: TABLE DATA; Schema: public; Owner: -
--

INSERT INTO public.categories (id, name, owner_id, is_archived, display_order, created_at, color_hex) VALUES ('dd7e9f0f-c195-41a1-bbc8-2a04103df765', 'Portaly', '4d204e9d-403d-443f-b573-68947e18c47d', false, 0, '2025-10-23 16:11:25.032785+00', '#f05a28');
INSERT INTO public.categories (id, name, owner_id, is_archived, display_order, created_at, color_hex) VALUES ('8fe6dac3-849a-4450-ba90-f10afaf03658', 'AI | Aplikace | Tvorba', '4d204e9d-403d-443f-b573-68947e18c47d', false, 1, '2025-10-23 16:11:25.068978+00', '#f05a28');
INSERT INTO public.categories (id, name, owner_id, is_archived, display_order, created_at, color_hex) VALUES ('86ff8259-2edd-4e2e-9659-3493ef4e4075', 'AR', '4d204e9d-403d-443f-b573-68947e18c47d', false, 2, '2025-10-23 16:11:25.094179+00', '#f05a28');
INSERT INTO public.categories (id, name, owner_id, is_archived, display_order, created_at, color_hex) VALUES ('91e3bce7-40d8-415d-ae6f-3ab237c8a5c3', 'Noviny', '4d204e9d-403d-443f-b573-68947e18c47d', false, 3, '2025-10-23 16:11:25.125284+00', '#f05a28');
INSERT INTO public.categories (id, name, owner_id, is_archived, display_order, created_at, color_hex) VALUES ('134c685c-a024-4c00-8ddb-d6e4e6ba7ac5', 'ZETEO', '4d204e9d-403d-443f-b573-68947e18c47d', false, 4, '2025-10-23 16:11:25.155501+00', '#f05a28');
INSERT INTO public.categories (id, name, owner_id, is_archived, display_order, created_at, color_hex) VALUES ('4a47a417-b9c7-4cb3-8e16-9052566ccde0', 'Power automate', '4d204e9d-403d-443f-b573-68947e18c47d', false, 5, '2025-10-23 16:11:25.180359+00', '#f05a28');
INSERT INTO public.categories (id, name, owner_id, is_archived, display_order, created_at, color_hex) VALUES ('5a7535db-b459-4186-94a9-04a609ce2f8a', 'FinBOB', '4d204e9d-403d-443f-b573-68947e18c47d', false, 6, '2025-10-23 16:11:25.222865+00', '#f05a28');
INSERT INTO public.categories (id, name, owner_id, is_archived, display_order, created_at, color_hex) VALUES ('74e5446c-844e-4a67-a905-8561e0d691fe', 'Bohemika', '4d204e9d-403d-443f-b573-68947e18c47d', false, 7, '2025-10-23 16:11:25.249684+00', '#f05a28');
INSERT INTO public.categories (id, name, owner_id, is_archived, display_order, created_at, color_hex) VALUES ('c4e38fa6-96ff-4993-9d9d-de30580a398a', 'Kalkulačky a rejsříky', '4d204e9d-403d-443f-b573-68947e18c47d', false, 8, '2025-10-23 16:11:25.276462+00', '#f05a28');
INSERT INTO public.categories (id, name, owner_id, is_archived, display_order, created_at, color_hex) VALUES ('a87aed46-cd17-4721-9b2e-05cd68b344a4', 'Banky', '4d204e9d-403d-443f-b573-68947e18c47d', false, 9, '2025-10-23 16:11:25.306259+00', '#f05a28');
INSERT INTO public.categories (id, name, owner_id, is_archived, display_order, created_at, color_hex) VALUES ('abd0ccba-7f08-4a34-b273-f286e310aaf3', 'Hypotéky - Golem', '4d204e9d-403d-443f-b573-68947e18c47d', false, 10, '2025-10-23 16:11:25.333565+00', '#f05a28');
INSERT INTO public.categories (id, name, owner_id, is_archived, display_order, created_at, color_hex) VALUES ('0686f90a-e8c2-4c72-8608-6d53e5d3d460', 'POJIŠTOVNY', '4d204e9d-403d-443f-b573-68947e18c47d', false, 11, '2025-10-23 16:11:25.358951+00', '#f05a28');
INSERT INTO public.categories (id, name, owner_id, is_archived, display_order, created_at, color_hex) VALUES ('bf817072-6a7d-424d-b63b-10267f19deb9', 'MS od Tomáše store', '4d204e9d-403d-443f-b573-68947e18c47d', false, 12, '2025-10-23 16:11:25.386998+00', '#f05a28');
INSERT INTO public.categories (id, name, owner_id, is_archived, display_order, created_at, color_hex) VALUES ('8d53b456-0d86-47ec-b600-b6fe5968cf3e', 'Investice', '4d204e9d-403d-443f-b573-68947e18c47d', false, 13, '2025-10-23 16:11:25.409107+00', '#f05a28');
INSERT INTO public.categories (id, name, owner_id, is_archived, display_order, created_at, color_hex) VALUES ('1536dc14-89a8-4372-bfa1-22a7ee4e797b', 'Osobní', '4d204e9d-403d-443f-b573-68947e18c47d', false, 14, '2025-10-23 16:11:25.43397+00', '#f05a28');
INSERT INTO public.categories (id, name, owner_id, is_archived, display_order, created_at, color_hex) VALUES ('dcb761e0-e7ee-476b-9112-4f5395e66a0f', 'Podcast.Adobe.com', '4d204e9d-403d-443f-b573-68947e18c47d', false, 15, '2025-10-23 16:11:25.462471+00', '#f05a28');
INSERT INTO public.categories (id, name, owner_id, is_archived, display_order, created_at, color_hex) VALUES ('9bf3eaaa-3c96-443a-9435-cceda9717d45', 'aa', 'a25b40d4-feaf-4f97-8923-9f5a3b58d33b', false, 0, '2025-10-23 20:03:24.036455+00', '#f05a28');


--
-- Data for Name: groups; Type: TABLE DATA; Schema: public; Owner: -
--



--
-- Data for Name: category_shares; Type: TABLE DATA; Schema: public; Owner: -
--

INSERT INTO public.category_shares (id, category_id, shared_with_user_id, shared_with_group_id, permission_level, created_at) VALUES ('b6d3ca55-9ada-4b07-b0a9-600333bbc148', 'dd7e9f0f-c195-41a1-bbc8-2a04103df765', 'a25b40d4-feaf-4f97-8923-9f5a3b58d33b', NULL, 'viewer', '2025-10-23 19:45:00.641367+00');


--
-- Data for Name: group_members; Type: TABLE DATA; Schema: public; Owner: -
--



--
-- Data for Name: links; Type: TABLE DATA; Schema: public; Owner: -
--

INSERT INTO public.links (id, category_id, display_name, url, favicon_url, display_order, created_at, is_archived) VALUES ('dad1f0ad-ef04-492c-99b5-22e7544845d5', 'dd7e9f0f-c195-41a1-bbc8-2a04103df765', 'Klienti', 'https://kostka.netlify.app/', NULL, 0, '2025-10-23 16:11:25.052788+00', false);
INSERT INTO public.links (id, category_id, display_name, url, favicon_url, display_order, created_at, is_archived) VALUES ('afbe6cfb-3288-416c-b482-36a793c8982e', 'dd7e9f0f-c195-41a1-bbc8-2a04103df765', 'AgentPac', 'https://dochazkomat.netlify.app/', NULL, 1, '2025-10-23 16:11:25.052788+00', false);
INSERT INTO public.links (id, category_id, display_name, url, favicon_url, display_order, created_at, is_archived) VALUES ('a1c3441e-1a75-4907-9a84-9b9d8cafe7ba', 'dd7e9f0f-c195-41a1-bbc8-2a04103df765', 'Email asistent', 'https://emailasistent.netlify.app/', NULL, 2, '2025-10-23 16:11:25.052788+00', false);
INSERT INTO public.links (id, category_id, display_name, url, favicon_url, display_order, created_at, is_archived) VALUES ('ae9a89b2-e4bc-4542-98ae-bd84cb7986b9', 'dd7e9f0f-c195-41a1-bbc8-2a04103df765', 'OnlineHlasovani', 'https://onlinehlasovaniboltnew.netlify.app/', NULL, 3, '2025-10-23 16:11:25.052788+00', false);
INSERT INTO public.links (id, category_id, display_name, url, favicon_url, display_order, created_at, is_archived) VALUES ('d47769f2-2e3f-49b6-bb87-85a8c4958956', '8fe6dac3-849a-4450-ba90-f10afaf03658', 'github', 'https://github.com/', NULL, 0, '2025-10-23 16:11:25.081931+00', false);
INSERT INTO public.links (id, category_id, display_name, url, favicon_url, display_order, created_at, is_archived) VALUES ('d01aeaab-174a-464f-b115-933574bed1b9', '8fe6dac3-849a-4450-ba90-f10afaf03658', 'Nhost', 'https://app.nhost.io/', NULL, 1, '2025-10-23 16:11:25.081931+00', false);
INSERT INTO public.links (id, category_id, display_name, url, favicon_url, display_order, created_at, is_archived) VALUES ('579c078e-74e2-43ab-9ccb-67ee8a673085', '8fe6dac3-849a-4450-ba90-f10afaf03658', 'Mailersend.com', 'https://app.mailersend.com/tokens/create', NULL, 2, '2025-10-23 16:11:25.081931+00', false);
INSERT INTO public.links (id, category_id, display_name, url, favicon_url, display_order, created_at, is_archived) VALUES ('598e72bf-646f-4aaa-9fc0-a9731672b2a9', '8fe6dac3-849a-4450-ba90-f10afaf03658', 'Bolt.new delani stranek', 'https://bolt.new/', NULL, 3, '2025-10-23 16:11:25.081931+00', false);
INSERT INTO public.links (id, category_id, display_name, url, favicon_url, display_order, created_at, is_archived) VALUES ('fbcbf59c-da6c-4028-8f1c-4df4c1e68334', '8fe6dac3-849a-4450-ba90-f10afaf03658', 'Supabase | databaze', 'https://supabase.com/dashboard/project/pnzomptrcxgyjcassjgs/sql', NULL, 4, '2025-10-23 16:11:25.081931+00', false);
INSERT INTO public.links (id, category_id, display_name, url, favicon_url, display_order, created_at, is_archived) VALUES ('9683f0e8-9a31-445f-bad1-c0cf3765210e', '8fe6dac3-849a-4450-ba90-f10afaf03658', 'Netlify', 'https://app.netlify.com/teams/mikobrno/projects', NULL, 5, '2025-10-23 16:11:25.081931+00', false);
INSERT INTO public.links (id, category_id, display_name, url, favicon_url, display_order, created_at, is_archived) VALUES ('a5b887c1-bbbe-4090-ae23-3e3d843b4b9c', '8fe6dac3-849a-4450-ba90-f10afaf03658', 'Supabase local', 'http://localhost:54323/project/default', NULL, 6, '2025-10-23 16:11:25.081931+00', false);
INSERT INTO public.links (id, category_id, display_name, url, favicon_url, display_order, created_at, is_archived) VALUES ('ddd2ba01-9b86-4d2a-a0b7-1b9f68bb0c7f', '8fe6dac3-849a-4450-ba90-f10afaf03658', 'Marlin', 'https://www.getmerlin.in/cs/magic/75eb658b-b20e-4f04-9929-1fef36fb2c08', NULL, 7, '2025-10-23 16:11:25.081931+00', false);
INSERT INTO public.links (id, category_id, display_name, url, favicon_url, display_order, created_at, is_archived) VALUES ('3f3954c9-9792-4139-a864-fd91d76248ed', '8fe6dac3-849a-4450-ba90-f10afaf03658', 'Copilot', 'https://www.bing.com/search?q=claude&qs=n&form=QBRE&sp=-1&ghc=1&lq=0&pq=claude&sc=10-6&sk=&cvid=8B1253221FAD4B498404786C41EBA46E&ghsh=0&ghacc=0&ghpl=&showconv=1', NULL, 8, '2025-10-23 16:11:25.081931+00', false);
INSERT INTO public.links (id, category_id, display_name, url, favicon_url, display_order, created_at, is_archived) VALUES ('2099c0e3-f628-4708-b277-50b67091c1ed', '8fe6dac3-849a-4450-ba90-f10afaf03658', 'Claude AI', 'https://claude.ai/chat/f3c218ce-3bb4-4b1e-83df-ad8d2406eab0', NULL, 9, '2025-10-23 16:11:25.081931+00', false);
INSERT INTO public.links (id, category_id, display_name, url, favicon_url, display_order, created_at, is_archived) VALUES ('c0df40c6-3d8a-4ff7-8361-bb510d2e1dfc', '8fe6dac3-849a-4450-ba90-f10afaf03658', 'ChatGPT', 'https://chatgpt.com/', NULL, 10, '2025-10-23 16:11:25.081931+00', false);
INSERT INTO public.links (id, category_id, display_name, url, favicon_url, display_order, created_at, is_archived) VALUES ('b9f1f636-7d22-4a79-a3b7-fa27428eae20', '8fe6dac3-849a-4450-ba90-f10afaf03658', 'Grok.com', 'https://grok.com/', NULL, 11, '2025-10-23 16:11:25.081931+00', false);
INSERT INTO public.links (id, category_id, display_name, url, favicon_url, display_order, created_at, is_archived) VALUES ('84ab901d-0ae0-48b5-9a47-6fa9dca424ea', '8fe6dac3-849a-4450-ba90-f10afaf03658', 'Brevo | emaily', 'https://app.brevo.com/', NULL, 12, '2025-10-23 16:11:25.081931+00', false);
INSERT INTO public.links (id, category_id, display_name, url, favicon_url, display_order, created_at, is_archived) VALUES ('31785d32-7f52-4241-8fff-5303b970d49e', '8fe6dac3-849a-4450-ba90-f10afaf03658', 'hostinger N8N server', 'https://hpanel.hostinger.com/vps/882016/settings?tab=ssh-keys', NULL, 13, '2025-10-23 16:11:25.081931+00', false);
INSERT INTO public.links (id, category_id, display_name, url, favicon_url, display_order, created_at, is_archived) VALUES ('1df4b501-5b7f-4108-8c6a-9b133df5955d', '8fe6dac3-849a-4450-ba90-f10afaf03658', 'openai billing', 'https://platform.openai.com/settings/organization/billing/overview', NULL, 14, '2025-10-23 16:11:25.081931+00', false);
INSERT INTO public.links (id, category_id, display_name, url, favicon_url, display_order, created_at, is_archived) VALUES ('f6a987fe-b2aa-4ba3-9bd7-b7f5cf0820f2', '8fe6dac3-849a-4450-ba90-f10afaf03658', 'N8N', 'https://n8n.srv882016.hstgr.cloud/home/workflows', NULL, 15, '2025-10-23 16:11:25.081931+00', false);
INSERT INTO public.links (id, category_id, display_name, url, favicon_url, display_order, created_at, is_archived) VALUES ('03b73c0a-599b-41e3-9302-565120afe7a6', '8fe6dac3-849a-4450-ba90-f10afaf03658', 'SMSBrána.cz', 'https://portal.smsbrana.cz/', NULL, 16, '2025-10-23 16:11:25.081931+00', false);
INSERT INTO public.links (id, category_id, display_name, url, favicon_url, display_order, created_at, is_archived) VALUES ('3c2a55ae-40ce-4f1e-8779-71501e3a39c4', '8fe6dac3-849a-4450-ba90-f10afaf03658', 'Api Google', 'https://console.cloud.google.com/apis/credentials?inv=1&invt=Ab477g&project=gmail-464219', NULL, 17, '2025-10-23 16:11:25.081931+00', false);
INSERT INTO public.links (id, category_id, display_name, url, favicon_url, display_order, created_at, is_archived) VALUES ('36ec0d63-4e82-4752-856b-bc54e20eb213', '8fe6dac3-849a-4450-ba90-f10afaf03658', 'cloud.appwrite.io', 'https://cloud.appwrite.io/', NULL, 18, '2025-10-23 16:11:25.081931+00', false);
INSERT INTO public.links (id, category_id, display_name, url, favicon_url, display_order, created_at, is_archived) VALUES ('adbde75a-60c5-475e-aed9-57baf540f3ed', '8fe6dac3-849a-4450-ba90-f10afaf03658', 'Syncfusion Sign in', 'https://www.syncfusion.com/account', NULL, 19, '2025-10-23 16:11:25.081931+00', false);
INSERT INTO public.links (id, category_id, display_name, url, favicon_url, display_order, created_at, is_archived) VALUES ('f0377fb0-fe27-4bef-9e50-09bb54991a15', '86ff8259-2edd-4e2e-9659-3493ef4e4075', 'BVK Brno', 'https://zis.bvk.cz/', NULL, 0, '2025-10-23 16:11:25.107834+00', false);
INSERT INTO public.links (id, category_id, display_name, url, favicon_url, display_order, created_at, is_archived) VALUES ('92d1c641-b7dc-47f8-a1b5-b9194d7c41d3', '86ff8259-2edd-4e2e-9659-3493ef4e4075', 'EON', 'https://login.eon.cz/prihlaseni/b2b', NULL, 1, '2025-10-23 16:11:25.107834+00', false);
INSERT INTO public.links (id, category_id, display_name, url, favicon_url, display_order, created_at, is_archived) VALUES ('21d95fdd-84d3-425d-8fcf-c3e74ed7003e', '86ff8259-2edd-4e2e-9659-3493ef4e4075', 'ČEZ ON-LINE', 'https://cezonline.cez.cz/irj/portal', NULL, 2, '2025-10-23 16:11:25.107834+00', false);
INSERT INTO public.links (id, category_id, display_name, url, favicon_url, display_order, created_at, is_archived) VALUES ('43520143-5569-4205-b67f-ddc6b107eee0', '86ff8259-2edd-4e2e-9659-3493ef4e4075', 'ČSOB', 'https://ceb.csob.cz/secure/prihlaseni?INFO=odhlaseni-dokonceno', NULL, 3, '2025-10-23 16:11:25.107834+00', false);
INSERT INTO public.links (id, category_id, display_name, url, favicon_url, display_order, created_at, is_archived) VALUES ('702bcc01-3268-4ab7-ba8a-ec430af15f66', '86ff8259-2edd-4e2e-9659-3493ef4e4075', 'ČSOB import prikazu', 'https://ceb.csob.cz/platby/importy/import-prikazu', NULL, 4, '2025-10-23 16:11:25.107834+00', false);
INSERT INTO public.links (id, category_id, display_name, url, favicon_url, display_order, created_at, is_archived) VALUES ('0e0c36f9-adcc-43d4-9677-284cfe56ee21', '86ff8259-2edd-4e2e-9659-3493ef4e4075', 'FIO', 'https://ib.fio.cz/', NULL, 5, '2025-10-23 16:11:25.107834+00', false);
INSERT INTO public.links (id, category_id, display_name, url, favicon_url, display_order, created_at, is_archived) VALUES ('cc579c60-6730-466e-a05e-812b4f45f867', '86ff8259-2edd-4e2e-9659-3493ef4e4075', 'Můj Vodafone', 'https://www.vodafone.cz/muj/prihlaseni', NULL, 6, '2025-10-23 16:11:25.107834+00', false);
INSERT INTO public.links (id, category_id, display_name, url, favicon_url, display_order, created_at, is_archived) VALUES ('42bc8717-b249-4505-896c-c8e1a8824749', '86ff8259-2edd-4e2e-9659-3493ef4e4075', 'ČS', 'https://bezpecnost.csas.cz/flfe/?client_id=georgeclient_cz', NULL, 7, '2025-10-23 16:11:25.107834+00', false);
INSERT INTO public.links (id, category_id, display_name, url, favicon_url, display_order, created_at, is_archived) VALUES ('db5f2b4c-fd1e-4520-af47-5db3b9978067', '86ff8259-2edd-4e2e-9659-3493ef4e4075', 'ČS - George', 'https://george.csas.cz/index.html?country=CZ&at=c#/datacarrier/upload', NULL, 8, '2025-10-23 16:11:25.107834+00', false);
INSERT INTO public.links (id, category_id, display_name, url, favicon_url, display_order, created_at, is_archived) VALUES ('dc7ef803-e536-43b8-b812-257cf0ab9fa6', '86ff8259-2edd-4e2e-9659-3493ef4e4075', 'KB', 'https://www.kb.cz', NULL, 9, '2025-10-23 16:11:25.107834+00', false);
INSERT INTO public.links (id, category_id, display_name, url, favicon_url, display_order, created_at, is_archived) VALUES ('a4c05e5e-2197-4d3a-9fdf-da9f7e045cef', '86ff8259-2edd-4e2e-9659-3493ef4e4075', 'Trinity | Internetové bankovnictví', 'https://ib.trinitybank.cz/', NULL, 10, '2025-10-23 16:11:25.107834+00', false);
INSERT INTO public.links (id, category_id, display_name, url, favicon_url, display_order, created_at, is_archived) VALUES ('2f718422-9cc1-407f-9899-4601abbb4c3b', '86ff8259-2edd-4e2e-9659-3493ef4e4075', 'Zákony pro lidi', 'https://zakonyprolidi.cz', NULL, 11, '2025-10-23 16:11:25.107834+00', false);
INSERT INTO public.links (id, category_id, display_name, url, favicon_url, display_order, created_at, is_archived) VALUES ('ee8fc868-c929-464d-ad2f-3415ff660490', '86ff8259-2edd-4e2e-9659-3493ef4e4075', 'www.psp.cz', 'https://psp.cz', NULL, 12, '2025-10-23 16:11:25.107834+00', false);
INSERT INTO public.links (id, category_id, display_name, url, favicon_url, display_order, created_at, is_archived) VALUES ('f732f041-55f2-4e95-bc78-1dc005cb380f', '86ff8259-2edd-4e2e-9659-3493ef4e4075', 'Sklik AR', 'https://www.sklik.cz/campaigns?table=(dir:ASC,limit:10,page:1,sort:name)&dateRange=whole&status=nondeleted&segmentation=!()&filter=()', NULL, 13, '2025-10-23 16:11:25.107834+00', false);
INSERT INTO public.links (id, category_id, display_name, url, favicon_url, display_order, created_at, is_archived) VALUES ('8727c15b-70b6-4337-bc9a-c9df0b6d8c5b', '86ff8259-2edd-4e2e-9659-3493ef4e4075', 'Přihlášení do Seznamu', 'https://klient.seznam.cz/wallet/orders?logout_username=kost%40adminreal.cz&utm_content=objednavky&utm_source=email&utm_medium=dobiti_kreditu', NULL, 14, '2025-10-23 16:11:25.107834+00', false);
INSERT INTO public.links (id, category_id, display_name, url, favicon_url, display_order, created_at, is_archived) VALUES ('6c3ca080-48e1-44d0-9bcb-40d2a6861662', '86ff8259-2edd-4e2e-9659-3493ef4e4075', 'Admin seznam', 'https://admin.firmy.cz/', NULL, 15, '2025-10-23 16:11:25.107834+00', false);
INSERT INTO public.links (id, category_id, display_name, url, favicon_url, display_order, created_at, is_archived) VALUES ('652d3c27-f7ef-490d-bc37-a8196015bb61', '86ff8259-2edd-4e2e-9659-3493ef4e4075', '89/2012 Sb. Občanský zákoník (nový)', 'https://www.zakonyprolidi.cz/cs/2012-89', NULL, 16, '2025-10-23 16:11:25.107834+00', false);
INSERT INTO public.links (id, category_id, display_name, url, favicon_url, display_order, created_at, is_archived) VALUES ('0815390e-77db-42cf-8619-e99fd706df2f', '86ff8259-2edd-4e2e-9659-3493ef4e4075', 'Mapa AR', 'https://mapy.cz/s/dabotoluho', NULL, 17, '2025-10-23 16:11:25.107834+00', false);
INSERT INTO public.links (id, category_id, display_name, url, favicon_url, display_order, created_at, is_archived) VALUES ('04bb6bc0-031c-4b5b-bf02-c987c0436657', '86ff8259-2edd-4e2e-9659-3493ef4e4075', 'Datové schránky', 'https://info.mojedatovaschranka.cz/info/cs/', NULL, 18, '2025-10-23 16:11:25.107834+00', false);
INSERT INTO public.links (id, category_id, display_name, url, favicon_url, display_order, created_at, is_archived) VALUES ('88e6ac06-523c-4d8b-b036-876711697e23', '86ff8259-2edd-4e2e-9659-3493ef4e4075', 'Česká Pošta', 'https://www.ceskaposta.cz/index', NULL, 19, '2025-10-23 16:11:25.107834+00', false);
INSERT INTO public.links (id, category_id, display_name, url, favicon_url, display_order, created_at, is_archived) VALUES ('4d6addc3-d09b-4998-a20a-a0c512d51915', '86ff8259-2edd-4e2e-9659-3493ef4e4075', 'Revize lhůty', 'https://www.bytovadruzstva.cz/clanek-24', NULL, 20, '2025-10-23 16:11:25.107834+00', false);
INSERT INTO public.links (id, category_id, display_name, url, favicon_url, display_order, created_at, is_archived) VALUES ('9fb4b454-d240-4b75-a7b3-ed9986dab3fa', '86ff8259-2edd-4e2e-9659-3493ef4e4075', 'PortalPRO', 'https://client.portalpro.cz/create-order', NULL, 21, '2025-10-23 16:11:25.107834+00', false);
INSERT INTO public.links (id, category_id, display_name, url, favicon_url, display_order, created_at, is_archived) VALUES ('40087817-e27c-4659-a7f9-85105de88086', '86ff8259-2edd-4e2e-9659-3493ef4e4075', 'MS AZURE', 'https://azure.microsoft.com/cs-cz/', NULL, 22, '2025-10-23 16:11:25.107834+00', false);
INSERT INTO public.links (id, category_id, display_name, url, favicon_url, display_order, created_at, is_archived) VALUES ('e7492309-6b27-4c8a-8eac-ccf3316a8581', '86ff8259-2edd-4e2e-9659-3493ef4e4075', 'OS sharepoint', 'https://onlinesprava-my.sharepoint.com/my?id=%2Fpersonal%2Fadmin%5Fonlinesprava%5Fonmicrosoft%5Fcom%2FDocuments%2FAdminReal%20Vy%C3%BA%C4%8Dtov%C3%A1n%C3%AD%20%26%20Tisk', NULL, 23, '2025-10-23 16:11:25.107834+00', false);
INSERT INTO public.links (id, category_id, display_name, url, favicon_url, display_order, created_at, is_archived) VALUES ('c209063f-ac02-406d-bdc6-dce97ecd2313', '86ff8259-2edd-4e2e-9659-3493ef4e4075', 'Microsoft Power Automate', 'https://make.powerautomate.com/', NULL, 24, '2025-10-23 16:11:25.107834+00', false);
INSERT INTO public.links (id, category_id, display_name, url, favicon_url, display_order, created_at, is_archived) VALUES ('02691887-c085-497d-894b-4b6e7be94c09', '86ff8259-2edd-4e2e-9659-3493ef4e4075', 'Podporované aktivity – API', 'https://www.agentura-api.org/cs/podporovane-aktivity-optak/', NULL, 25, '2025-10-23 16:11:25.107834+00', false);
INSERT INTO public.links (id, category_id, display_name, url, favicon_url, display_order, created_at, is_archived) VALUES ('52d05af9-4806-48be-9372-bab7d3924872', '86ff8259-2edd-4e2e-9659-3493ef4e4075', 'Adminreal.shromazdenirazdva.cz', 'https://adminreal.shromazdenirazdva.cz', NULL, 26, '2025-10-23 16:11:25.107834+00', false);
INSERT INTO public.links (id, category_id, display_name, url, favicon_url, display_order, created_at, is_archived) VALUES ('6df17974-09bb-42c4-aff4-58eb9d56905f', '86ff8259-2edd-4e2e-9659-3493ef4e4075', 'Výpočet Lhůty', 'https://www.30kmh.cz/calc.html', NULL, 27, '2025-10-23 16:11:25.107834+00', false);
INSERT INTO public.links (id, category_id, display_name, url, favicon_url, display_order, created_at, is_archived) VALUES ('91726db5-7d4c-4cab-bd52-3c01702c0bdf', '86ff8259-2edd-4e2e-9659-3493ef4e4075', 'My google maps', 'https://www.google.com/maps/d/edit?mid=16TO4hmpCBArasZAM_-nMwTpANfvwQeo&ll=49.20627280187937%2C16.616140249999994&z=15', NULL, 28, '2025-10-23 16:11:25.107834+00', false);
INSERT INTO public.links (id, category_id, display_name, url, favicon_url, display_order, created_at, is_archived) VALUES ('350b0a7a-581b-47fd-a86d-d608e4740ccd', '86ff8259-2edd-4e2e-9659-3493ef4e4075', 'MultCloud', 'https://app.multcloud.com/mc_project/task_list', NULL, 29, '2025-10-23 16:11:25.107834+00', false);
INSERT INTO public.links (id, category_id, display_name, url, favicon_url, display_order, created_at, is_archived) VALUES ('17fbfd44-afdb-48b5-a7f8-207ecf006fb7', '91e3bce7-40d8-415d-ae6f-3ab237c8a5c3', 'Brněnská Drbna', 'https://brnenska.drbna.cz/', NULL, 0, '2025-10-23 16:11:25.141537+00', false);
INSERT INTO public.links (id, category_id, display_name, url, favicon_url, display_order, created_at, is_archived) VALUES ('cf903c63-10c6-4027-9bfe-1983cc793b48', '91e3bce7-40d8-415d-ae6f-3ab237c8a5c3', 'Brněnský deník', 'https://brnensky.denik.cz/', NULL, 1, '2025-10-23 16:11:25.141537+00', false);
INSERT INTO public.links (id, category_id, display_name, url, favicon_url, display_order, created_at, is_archived) VALUES ('ce740ab7-afaf-4f84-88be-69d1305e96cb', '91e3bce7-40d8-415d-ae6f-3ab237c8a5c3', 'Seznam', 'https://www.seznam.cz', NULL, 2, '2025-10-23 16:11:25.141537+00', false);
INSERT INTO public.links (id, category_id, display_name, url, favicon_url, display_order, created_at, is_archived) VALUES ('050663c8-7c5a-493e-8fbf-22388be27cd6', '91e3bce7-40d8-415d-ae6f-3ab237c8a5c3', 'oPojištění', 'https://www.opojisteni.cz/', NULL, 3, '2025-10-23 16:11:25.141537+00', false);
INSERT INTO public.links (id, category_id, display_name, url, favicon_url, display_order, created_at, is_archived) VALUES ('0084b030-00f4-4b5e-bec4-a16ad200d8cd', '91e3bce7-40d8-415d-ae6f-3ab237c8a5c3', 'iDNES', 'https://www.idnes.cz', NULL, 4, '2025-10-23 16:11:25.141537+00', false);
INSERT INTO public.links (id, category_id, display_name, url, favicon_url, display_order, created_at, is_archived) VALUES ('38da63e9-3e9f-47ab-b816-4b7504d980cf', '91e3bce7-40d8-415d-ae6f-3ab237c8a5c3', 'ČeskéNoviny', 'https://www.ceskenoviny.cz', NULL, 5, '2025-10-23 16:11:25.141537+00', false);
INSERT INTO public.links (id, category_id, display_name, url, favicon_url, display_order, created_at, is_archived) VALUES ('968eed8c-7a36-4814-a426-58091c819541', '91e3bce7-40d8-415d-ae6f-3ab237c8a5c3', 'Youtube', 'http://www.youtube.com', NULL, 6, '2025-10-23 16:11:25.141537+00', false);
INSERT INTO public.links (id, category_id, display_name, url, favicon_url, display_order, created_at, is_archived) VALUES ('4b62da87-abe1-41e8-91d5-8aa5f0d9047a', '91e3bce7-40d8-415d-ae6f-3ab237c8a5c3', 'Novinky', 'https://www.novinky.cz', NULL, 7, '2025-10-23 16:11:25.141537+00', false);
INSERT INTO public.links (id, category_id, display_name, url, favicon_url, display_order, created_at, is_archived) VALUES ('4f01afaf-cd18-4858-b030-d7132505af0d', '91e3bce7-40d8-415d-ae6f-3ab237c8a5c3', 'Aktuálně', 'https://www.aktualne.cz', NULL, 8, '2025-10-23 16:11:25.141537+00', false);
INSERT INTO public.links (id, category_id, display_name, url, favicon_url, display_order, created_at, is_archived) VALUES ('13c9d49c-f478-4403-b723-a56e5566eec7', '91e3bce7-40d8-415d-ae6f-3ab237c8a5c3', 'IHNED', 'https://ihned.cz', NULL, 9, '2025-10-23 16:11:25.141537+00', false);
INSERT INTO public.links (id, category_id, display_name, url, favicon_url, display_order, created_at, is_archived) VALUES ('e224a644-3be1-46a9-bf94-d8507c7b8915', '91e3bce7-40d8-415d-ae6f-3ab237c8a5c3', 'Echo24', 'https://echo24.cz', NULL, 10, '2025-10-23 16:11:25.141537+00', false);
INSERT INTO public.links (id, category_id, display_name, url, favicon_url, display_order, created_at, is_archived) VALUES ('11dee263-9fa6-46cc-beaf-771bcfe7e788', '91e3bce7-40d8-415d-ae6f-3ab237c8a5c3', 'Cnews', 'https://www.cnews.cz', NULL, 11, '2025-10-23 16:11:25.141537+00', false);
INSERT INTO public.links (id, category_id, display_name, url, favicon_url, display_order, created_at, is_archived) VALUES ('1593297f-1ff8-41c8-b06c-11f32300a72b', '91e3bce7-40d8-415d-ae6f-3ab237c8a5c3', 'Metro', 'https://www.metro.cz', NULL, 12, '2025-10-23 16:11:25.141537+00', false);
INSERT INTO public.links (id, category_id, display_name, url, favicon_url, display_order, created_at, is_archived) VALUES ('2c915ec7-6435-433c-ad17-fedfaba8c1ff', '91e3bce7-40d8-415d-ae6f-3ab237c8a5c3', 'Parlamentnilisty', 'https://www.parlamentnilisty.cz', NULL, 13, '2025-10-23 16:11:25.141537+00', false);
INSERT INTO public.links (id, category_id, display_name, url, favicon_url, display_order, created_at, is_archived) VALUES ('fa05fd09-3f49-454f-9430-366458b0ef57', '91e3bce7-40d8-415d-ae6f-3ab237c8a5c3', 'Kbvsap2.webnode.cz', 'https://kbvsap2.webnode.cz/', NULL, 14, '2025-10-23 16:11:25.141537+00', false);
INSERT INTO public.links (id, category_id, display_name, url, favicon_url, display_order, created_at, is_archived) VALUES ('3104122c-504d-4999-9368-210fa6fb37ed', '91e3bce7-40d8-415d-ae6f-3ab237c8a5c3', 'Ai%20roboti.com', 'https://AI%20Roboti.com', NULL, 15, '2025-10-23 16:11:25.141537+00', false);
INSERT INTO public.links (id, category_id, display_name, url, favicon_url, display_order, created_at, is_archived) VALUES ('ea58d8a8-5f15-4560-aa59-66a5fe23ef4b', '4a47a417-b9c7-4cb3-8e16-9052566ccde0', 'Microsoft Power Automate', 'https://make.powerautomate.com/environments/Default-e8bd50fc-f708-4ce1-a762-1add595ff9f3/flows', NULL, 0, '2025-10-23 16:11:25.195822+00', false);
INSERT INTO public.links (id, category_id, display_name, url, favicon_url, display_order, created_at, is_archived) VALUES ('7acee096-7aa5-4b57-8faa-9aa65abfdd28', '74e5446c-844e-4a67-a905-8561e0d691fe', 'Copilot', 'https://copilot.microsoft.com/?culture=en-us&country=us&wlexpsignin=1', NULL, 0, '2025-10-23 16:11:25.261778+00', false);
INSERT INTO public.links (id, category_id, display_name, url, favicon_url, display_order, created_at, is_archived) VALUES ('fb62def5-f7a8-4638-bb99-11af686e95b2', '74e5446c-844e-4a67-a905-8561e0d691fe', 'REDMINE Novyý úkol', 'http://developers.bsfaplikace.cz/projects/bsfa/issues?set_filter=1', NULL, 1, '2025-10-23 16:11:25.261778+00', false);
INSERT INTO public.links (id, category_id, display_name, url, favicon_url, display_order, created_at, is_archived) VALUES ('b5b7069c-c63a-4fb6-ade2-e513cf44cf49', '74e5446c-844e-4a67-a905-8561e0d691fe', 'REDMINE seznam', 'http://developers.bsfaplikace.cz/projects/bsfa/issues?set_filter=1', NULL, 2, '2025-10-23 16:11:25.261778+00', false);
INSERT INTO public.links (id, category_id, display_name, url, favicon_url, display_order, created_at, is_archived) VALUES ('5c897f02-6885-44d4-99fc-27c18f1d71d8', '74e5446c-844e-4a67-a905-8561e0d691fe', 'Bohemika youtube', 'https://studio.youtube.com/channel/UCP_Ql3lyPBcnPwsLdOvlDfw/videos/upload?c=UCP_Ql3lyPBcnPwsLdOvlDfw&filter=%5B%5D&sort=%7B%22columnType%22%3A%22date%22%2C%22sortOrder%22%3A%22DESCENDING%22%7D', NULL, 3, '2025-10-23 16:11:25.261778+00', false);
INSERT INTO public.links (id, category_id, display_name, url, favicon_url, display_order, created_at, is_archived) VALUES ('c3ba0ace-182b-4c1e-81d7-b7d9499139a2', '74e5446c-844e-4a67-a905-8561e0d691fe', 'SS Tahák - editace', 'https://docs.google.com/spreadsheets/d/1FIWP4yDTI58xZvAUNZ0_bRuEBZ_I5bXScLDBYeOZ3j4/edit#gid=924001016', NULL, 4, '2025-10-23 16:11:25.261778+00', false);
INSERT INTO public.links (id, category_id, display_name, url, favicon_url, display_order, created_at, is_archived) VALUES ('f1bd95c1-11e3-4471-a023-827aaffed532', '74e5446c-844e-4a67-a905-8561e0d691fe', 'SS Tahák - náhled', 'https://script.google.com/macros/s/AKfycbxudLQ9ZqVkaMHM1QCVVNIE4P5-NgGshjR1_MuS7S5FVLVioTVGQgKU18hxsHvUm169/exec', NULL, 5, '2025-10-23 16:11:25.261778+00', false);
INSERT INTO public.links (id, category_id, display_name, url, favicon_url, display_order, created_at, is_archived) VALUES ('5c1dc7ed-185e-4e18-9565-cec396c5ee6a', '74e5446c-844e-4a67-a905-8561e0d691fe', 'ZLATO kalkulator', 'https://script.google.com/macros/s/AKfycbyha5yfdX93pphQmT-FtPARjH__Dc_k1CFU0TSbBRO-CfgwkZ6gX8yi_TUBFhDkEew/exec', NULL, 6, '2025-10-23 16:11:25.261778+00', false);
INSERT INTO public.links (id, category_id, display_name, url, favicon_url, display_order, created_at, is_archived) VALUES ('97381182-2756-4acc-97e0-af7819229d3c', '74e5446c-844e-4a67-a905-8561e0d691fe', 'FIDOS Rozcestí', 'https://script.google.com/macros/s/AKfycbxYiG1Vs0C3WjuJny0DTQPjO_-RcMsXB7puHUvDVfplhaPCB2_S/exec', NULL, 7, '2025-10-23 16:11:25.261778+00', false);
INSERT INTO public.links (id, category_id, display_name, url, favicon_url, display_order, created_at, is_archived) VALUES ('396a78b5-7360-4e85-afb1-ad62b56129c6', '74e5446c-844e-4a67-a905-8561e0d691fe', 'Fidos testovací', 'https://script.google.com/macros/s/AKfycby2zgK2LYiTSiXb2IlQOFSeRSzDSviYAFr6IYeEuQjBliXily0/exec', NULL, 8, '2025-10-23 16:11:25.261778+00', false);
INSERT INTO public.links (id, category_id, display_name, url, favicon_url, display_order, created_at, is_archived) VALUES ('7c7a0f68-1477-45b4-95aa-9cba1fe8b757', '74e5446c-844e-4a67-a905-8561e0d691fe', 'MAXX Demo', 'https://bohemiaservis.maxxuat.creasoft.cz/contractsclients', NULL, 9, '2025-10-23 16:11:25.261778+00', false);
INSERT INTO public.links (id, category_id, display_name, url, favicon_url, display_order, created_at, is_archived) VALUES ('9a33014a-ef77-49cd-b415-861425c3293a', '74e5446c-844e-4a67-a905-8561e0d691fe', 'vymazani cash teams', 'https://%appdata%\Microsoft\Teams.com', NULL, 10, '2025-10-23 16:11:25.261778+00', false);
INSERT INTO public.links (id, category_id, display_name, url, favicon_url, display_order, created_at, is_archived) VALUES ('dcd10b6e-0b9c-4071-81d4-bbc4cfea5840', '74e5446c-844e-4a67-a905-8561e0d691fe', 'Microsoft Azure BOHEMIKA', 'https://portal.azure.com/#view/Microsoft_AAD_UsersAndTenants/UserManagementMenuBlade/~/AllUsers', NULL, 11, '2025-10-23 16:11:25.261778+00', false);
INSERT INTO public.links (id, category_id, display_name, url, favicon_url, display_order, created_at, is_archived) VALUES ('0573b28a-52fa-4f49-a868-98622c54e9b6', '74e5446c-844e-4a67-a905-8561e0d691fe', 'Karta klienta MM a MK', 'https://docs.google.com/spreadsheets/d/1SZfOTrAV9B4lrY1F82qwPxMWrvau0C0sbD6s_2DmMo4/edit#gid=1248265154', NULL, 12, '2025-10-23 16:11:25.261778+00', false);
INSERT INTO public.links (id, category_id, display_name, url, favicon_url, display_order, created_at, is_archived) VALUES ('4261d94e-2273-4c3d-bae3-38d8f2540935', '74e5446c-844e-4a67-a905-8561e0d691fe', 'APLIKACE - rozcestník.com', 'https://docs.google.com/spreadsheets/d/1NaBzmkjihfWP-97pUw5pD6gaFnZmsEd9O82JxLuE870/edit#gid=162896624', NULL, 13, '2025-10-23 16:11:25.261778+00', false);
INSERT INTO public.links (id, category_id, display_name, url, favicon_url, display_order, created_at, is_archived) VALUES ('e2187312-c79d-431a-91e2-4b435f56e266', '74e5446c-844e-4a67-a905-8561e0d691fe', 'Office 365 admin center', 'https://admin.microsoft.com/adminportal/home?#/homepage', NULL, 14, '2025-10-23 16:11:25.261778+00', false);
INSERT INTO public.links (id, category_id, display_name, url, favicon_url, display_order, created_at, is_archived) VALUES ('31e004d8-3fc1-4654-9326-c993807c2806', '74e5446c-844e-4a67-a905-8561e0d691fe', 'Azure Bohemika new', 'https://admin.microsoft.com/adminportal/home?#/homepage', NULL, 15, '2025-10-23 16:11:25.261778+00', false);
INSERT INTO public.links (id, category_id, display_name, url, favicon_url, display_order, created_at, is_archived) VALUES ('5dc95d86-a453-4184-92dc-c454dba0d0c4', 'a87aed46-cd17-4721-9b2e-05cd68b344a4', 'ČS - úvěry', 'https://www.partner24.cz/', NULL, 0, '2025-10-23 16:11:25.319911+00', false);
INSERT INTO public.links (id, category_id, display_name, url, favicon_url, display_order, created_at, is_archived) VALUES ('0a87f146-1850-42be-b2f9-4b75a9ac89e1', 'a87aed46-cd17-4721-9b2e-05cd68b344a4', 'Hypoteční Banka', 'https://portal.hypotecnibanka.cz/informatorium/login', NULL, 1, '2025-10-23 16:11:25.319911+00', false);
INSERT INTO public.links (id, category_id, display_name, url, favicon_url, display_order, created_at, is_archived) VALUES ('4c25ed59-347c-4906-bbfa-1e7c1f6d659e', 'a87aed46-cd17-4721-9b2e-05cd68b344a4', 'Hypoteční banka NEW', 'https://nsure-hypotecnibanka-prod1.blogic.cz/', NULL, 2, '2025-10-23 16:11:25.319911+00', false);
INSERT INTO public.links (id, category_id, display_name, url, favicon_url, display_order, created_at, is_archived) VALUES ('b13160c8-3a43-4736-a5e9-2459741f68bb', 'a87aed46-cd17-4721-9b2e-05cd68b344a4', 'Moneta Bank', 'https://mbs.internetbanka.cz/b2b-hypo/#/', NULL, 3, '2025-10-23 16:11:25.319911+00', false);
INSERT INTO public.links (id, category_id, display_name, url, favicon_url, display_order, created_at, is_archived) VALUES ('37fb4bbc-b352-4ce6-ab26-3c5c16b02550', 'a87aed46-cd17-4721-9b2e-05cd68b344a4', 'Moneta SS', 'https://pkp.moneta.cz/PKP/Common/LoginAgent.aspx', NULL, 4, '2025-10-23 16:11:25.319911+00', false);
INSERT INTO public.links (id, category_id, display_name, url, favicon_url, display_order, created_at, is_archived) VALUES ('21ca16b8-2fca-4139-baef-314037d852dc', 'a87aed46-cd17-4721-9b2e-05cd68b344a4', 'Modrá Pyramida', 'https://portal.mpss.cz/pmp/', NULL, 5, '2025-10-23 16:11:25.319911+00', false);
INSERT INTO public.links (id, category_id, display_name, url, favicon_url, display_order, created_at, is_archived) VALUES ('1b467dc2-990a-4de9-b894-37956f7fa062', 'a87aed46-cd17-4721-9b2e-05cd68b344a4', 'KB - NOBY', 'https://noby.cz/#/', NULL, 6, '2025-10-23 16:11:25.319911+00', false);
INSERT INTO public.links (id, category_id, display_name, url, favicon_url, display_order, created_at, is_archived) VALUES ('d1ce00f7-ce21-4ecc-a52a-71c6d8bcc58b', 'a87aed46-cd17-4721-9b2e-05cd68b344a4', 'RSTS - CIBIS', 'https://pripojse.rstsapp.cz/', NULL, 7, '2025-10-23 16:11:25.319911+00', false);
INSERT INTO public.links (id, category_id, display_name, url, favicon_url, display_order, created_at, is_archived) VALUES ('6425b44d-cd19-4ca6-b9c3-7da397b0ff9a', 'a87aed46-cd17-4721-9b2e-05cd68b344a4', 'Raiffeisenank FA portal', 'https://poradci.rb.cz/hypotecni-uvery/faportal', NULL, 8, '2025-10-23 16:11:25.319911+00', false);
INSERT INTO public.links (id, category_id, display_name, url, favicon_url, display_order, created_at, is_archived) VALUES ('29d76f61-ca55-4ace-bb4d-8896f2de4b22', 'a87aed46-cd17-4721-9b2e-05cd68b344a4', 'RSTS - Especialista', 'https://www.especialista.cz/', NULL, 9, '2025-10-23 16:11:25.319911+00', false);
INSERT INTO public.links (id, category_id, display_name, url, favicon_url, display_order, created_at, is_archived) VALUES ('e0fa63fc-5b20-48b2-84d6-2c0d4a110a04', 'a87aed46-cd17-4721-9b2e-05cd68b344a4', 'Sberbank', 'https://extranet.sberbankcz.cz/vb/jnp/cz/extranet/home/index.html', NULL, 10, '2025-10-23 16:11:25.319911+00', false);
INSERT INTO public.links (id, category_id, display_name, url, favicon_url, display_order, created_at, is_archived) VALUES ('b72f8d52-0985-4c9a-b591-d5fb4052193a', 'a87aed46-cd17-4721-9b2e-05cd68b344a4', 'Cofidis', 'https://www.cofidis.cz/golem/', NULL, 11, '2025-10-23 16:11:25.319911+00', false);
INSERT INTO public.links (id, category_id, display_name, url, favicon_url, display_order, created_at, is_archived) VALUES ('c1c366a9-31bc-415b-8e48-6678d36dd9cc', 'a87aed46-cd17-4721-9b2e-05cd68b344a4', 'Banka Creditas', 'https://www.hypoinfo.cz/', NULL, 12, '2025-10-23 16:11:25.319911+00', false);
INSERT INTO public.links (id, category_id, display_name, url, favicon_url, display_order, created_at, is_archived) VALUES ('b43c65ea-9ff1-4bf1-b1d0-4f0722a35015', 'a87aed46-cd17-4721-9b2e-05cd68b344a4', 'Zaloto.cz', 'https://crm.zaloto.cz/marketplace/', NULL, 13, '2025-10-23 16:11:25.319911+00', false);
INSERT INTO public.links (id, category_id, display_name, url, favicon_url, display_order, created_at, is_archived) VALUES ('ae57df89-f446-4994-ae8f-73577b08ac15', 'a87aed46-cd17-4721-9b2e-05cd68b344a4', 'Ohrozene obchody', 'https://golemfinance.crm4.dynamics.com/main.aspx?appid=a3a1dd22-3083-4c7b-a3ce-88846201d071&pagetype=entitylist&etn=glm_produktklienta&viewid=3c75bf52-7dac-ed11-aad0-000d3ab69899&viewType=1039', NULL, 14, '2025-10-23 16:11:25.319911+00', false);
INSERT INTO public.links (id, category_id, display_name, url, favicon_url, display_order, created_at, is_archived) VALUES ('e56008c4-0111-4c98-8aa5-e39b79a4b7bd', '0686f90a-e8c2-4c72-8608-6d53e5d3d460', 'ČPP SUS', 'https://susp.cpp.cz/KnzWEB/faces/page/public/auth/login_knz.xhtml', NULL, 0, '2025-10-23 16:11:25.373512+00', false);
INSERT INTO public.links (id, category_id, display_name, url, favicon_url, display_order, created_at, is_archived) VALUES ('f1d56b4b-1b5b-4f11-bd77-4f05e80bdf2e', '0686f90a-e8c2-4c72-8608-6d53e5d3d460', 'Allianz', 'https://allfa.allianz.cz/homepage/', NULL, 1, '2025-10-23 16:11:25.373512+00', false);
INSERT INTO public.links (id, category_id, display_name, url, favicon_url, display_order, created_at, is_archived) VALUES ('117e7bc4-ded1-4cf6-93de-3410d4bb738a', '0686f90a-e8c2-4c72-8608-6d53e5d3d460', 'Kooperativa', 'https://knz.koop.cz/KnzWEB/faces/auth/login_knz.xhtml', NULL, 2, '2025-10-23 16:11:25.373512+00', false);
INSERT INTO public.links (id, category_id, display_name, url, favicon_url, display_order, created_at, is_archived) VALUES ('fe17e786-db8d-469a-b7d7-53432d638ee3', '0686f90a-e8c2-4c72-8608-6d53e5d3d460', 'Komerční pojišťovna', 'https://sako.komercpoj.cz/login', NULL, 3, '2025-10-23 16:11:25.373512+00', false);
INSERT INTO public.links (id, category_id, display_name, url, favicon_url, display_order, created_at, is_archived) VALUES ('091fa70b-d231-4503-ab84-19d03038f53e', '0686f90a-e8c2-4c72-8608-6d53e5d3d460', 'ČSOB', 'https://cassell.csobpoj.cz/cas/login?service=https%3A%2F%2Fzeus.csobpoj.cz%2Fzeus%2Flogin%2Fcas', NULL, 4, '2025-10-23 16:11:25.373512+00', false);
INSERT INTO public.links (id, category_id, display_name, url, favicon_url, display_order, created_at, is_archived) VALUES ('08683d85-123e-467e-be03-533fed61d582', '134c685c-a024-4c00-8ddb-d6e4e6ba7ac5', 'Zeteo - demo NEW', 'https://bohemika.zeteouat.creasoft.cz/login', NULL, 0, '2025-10-23 16:11:25.169256+00', false);
INSERT INTO public.links (id, category_id, display_name, url, favicon_url, display_order, created_at, is_archived) VALUES ('813d188f-946a-4d76-9bd6-cab931814eb3', '134c685c-a024-4c00-8ddb-d6e4e6ba7ac5', 'ZETEO porovnavac ZIVOTA', 'https://zeteodemo.creasoft.cz', NULL, 1, '2025-10-23 16:11:25.169256+00', false);
INSERT INTO public.links (id, category_id, display_name, url, favicon_url, display_order, created_at, is_archived) VALUES ('92752083-9826-48a9-b51e-00f4375cf8af', '134c685c-a024-4c00-8ddb-d6e4e6ba7ac5', 'ZETEO DEMO BSFA', 'https://bohemiaservis.maxxuat.creasoft.cz/arrangingcontracts', NULL, 2, '2025-10-23 16:11:25.169256+00', false);
INSERT INTO public.links (id, category_id, display_name, url, favicon_url, display_order, created_at, is_archived) VALUES ('49578eb6-13fa-4c8d-9d58-4a2be5643aef', '134c685c-a024-4c00-8ddb-d6e4e6ba7ac5', 'ZETEO demo', 'https://zeteodemo.creasoft.cz/login', NULL, 3, '2025-10-23 16:11:25.169256+00', false);
INSERT INTO public.links (id, category_id, display_name, url, favicon_url, display_order, created_at, is_archived) VALUES ('c65c211e-c96f-47b0-bb18-37d75e881487', '134c685c-a024-4c00-8ddb-d6e4e6ba7ac5', '#finBOB PŘEHLED', 'https://docs.google.com/spreadsheets/d/1NaBzmkjihfWP-97pUw5pD6gaFnZmsEd9O82JxLuE870/edit#gid=1359215518', NULL, 4, '2025-10-23 16:11:25.169256+00', false);
INSERT INTO public.links (id, category_id, display_name, url, favicon_url, display_order, created_at, is_archived) VALUES ('95aa3557-e903-4e9d-965d-1b8393e0e8f5', '5a7535db-b459-4186-94a9-04a609ce2f8a', 'Clickup - Bohemika', 'https://app.clickup.com/9015231425/v/l/8cnk0y1-615', NULL, 0, '2025-10-23 16:11:25.23579+00', false);
INSERT INTO public.links (id, category_id, display_name, url, favicon_url, display_order, created_at, is_archived) VALUES ('69c68d66-f2f8-4cc6-9e66-099b1c79efab', '5a7535db-b459-4186-94a9-04a609ce2f8a', 'Nova aplikace - ostra', 'https://new.bsfaplikace.cz/login', NULL, 1, '2025-10-23 16:11:25.23579+00', false);
INSERT INTO public.links (id, category_id, display_name, url, favicon_url, display_order, created_at, is_archived) VALUES ('4765d4fa-c47c-4258-a162-beb250d8135f', '5a7535db-b459-4186-94a9-04a609ce2f8a', 'Nová Aplikace test', 'https://test.new.bsfaplikace.cz/dashboard', NULL, 2, '2025-10-23 16:11:25.23579+00', false);
INSERT INTO public.links (id, category_id, display_name, url, favicon_url, display_order, created_at, is_archived) VALUES ('262bc21c-6038-4355-971b-1be422251eba', '5a7535db-b459-4186-94a9-04a609ce2f8a', 'NS Test.bsfaplikace.cz', 'https://test.bsfaplikace.cz/', NULL, 3, '2025-10-23 16:11:25.23579+00', false);
INSERT INTO public.links (id, category_id, display_name, url, favicon_url, display_order, created_at, is_archived) VALUES ('f13a01b0-79fa-41e1-947d-126ea53ab087', '5a7535db-b459-4186-94a9-04a609ce2f8a', 'CPP FINBOB NEW', 'https://www.cppsaplikace.cz/dashboard', NULL, 4, '2025-10-23 16:11:25.23579+00', false);
INSERT INTO public.links (id, category_id, display_name, url, favicon_url, display_order, created_at, is_archived) VALUES ('97b8bdf1-b995-4597-80a6-3f374acce5ce', '5a7535db-b459-4186-94a9-04a609ce2f8a', 'Test.cpps.finbob.cz', 'https://test.cpps.finbob.cz/', NULL, 5, '2025-10-23 16:11:25.23579+00', false);
INSERT INTO public.links (id, category_id, display_name, url, favicon_url, display_order, created_at, is_archived) VALUES ('83ee435a-97f7-4b60-b58e-c8f962999a5c', '5a7535db-b459-4186-94a9-04a609ce2f8a', 'NOVY TEST FINBOB', 'https://test.bsf.finbob.cz/login', NULL, 6, '2025-10-23 16:11:25.23579+00', false);
INSERT INTO public.links (id, category_id, display_name, url, favicon_url, display_order, created_at, is_archived) VALUES ('b9ad5b1c-4784-420a-ba2a-e58e7e8af1b7', '5a7535db-b459-4186-94a9-04a609ce2f8a', 'ClickUp -MM zadání', 'https://app.clickup.com/9015231425/v/l/8cnk0y1-3315', NULL, 7, '2025-10-23 16:11:25.23579+00', false);
INSERT INTO public.links (id, category_id, display_name, url, favicon_url, display_order, created_at, is_archived) VALUES ('889bcf66-ce04-48ec-bf76-a0055301d331', '5a7535db-b459-4186-94a9-04a609ce2f8a', 'Ucty - elektronicka dokumentace', 'https://docs.google.com/spreadsheets/d/19bO9vqZPFdSWc5uGQGGkxzlNnQMi0mQN83FHuleqy8s/edit#gid=581278962&range=A3:F29', NULL, 8, '2025-10-23 16:11:25.23579+00', false);
INSERT INTO public.links (id, category_id, display_name, url, favicon_url, display_order, created_at, is_archived) VALUES ('c80daa4a-f10c-4c72-a858-b37a781c6c82', '5a7535db-b459-4186-94a9-04a609ce2f8a', 'Přehled o stavu vývoje aplikace BSFA', 'https://docs.google.com/spreadsheets/d/1GPGEQ0NR1YNzJT-H2dZPnJkGsuUtSEyQAFDxBaOzvAI/edit#gid=0', NULL, 9, '2025-10-23 16:11:25.23579+00', false);
INSERT INTO public.links (id, category_id, display_name, url, favicon_url, display_order, created_at, is_archived) VALUES ('6aba0c82-ecb8-4d97-892b-1b9f7b72513a', '5a7535db-b459-4186-94a9-04a609ce2f8a', 'CPPS ostra verze', 'https://cpps.finbob.cz/login', NULL, 10, '2025-10-23 16:11:25.23579+00', false);
INSERT INTO public.links (id, category_id, display_name, url, favicon_url, display_order, created_at, is_archived) VALUES ('af1a1eca-125c-4427-95f4-34cb07a1e4c2', '5a7535db-b459-4186-94a9-04a609ce2f8a', 'BSFA LOG OUT', 'https://bsfaplikace.cz/sign/out', NULL, 11, '2025-10-23 16:11:25.23579+00', false);
INSERT INTO public.links (id, category_id, display_name, url, favicon_url, display_order, created_at, is_archived) VALUES ('cc7f750c-bf6e-450e-8759-d69203dd0a5c', '5a7535db-b459-4186-94a9-04a609ce2f8a', 'New FinBOB - dokumentace', 'https://new.bsfaplikace.cz/dashboard', NULL, 12, '2025-10-23 16:11:25.23579+00', false);
INSERT INTO public.links (id, category_id, display_name, url, favicon_url, display_order, created_at, is_archived) VALUES ('86437c67-9fee-496c-88d7-9aba1e210031', '5a7535db-b459-4186-94a9-04a609ce2f8a', 'FinBOB.com ČPP', 'https://cpp.d1o6cp89ja76ze.amplifyapp.com/login', NULL, 13, '2025-10-23 16:11:25.23579+00', false);
INSERT INTO public.links (id, category_id, display_name, url, favicon_url, display_order, created_at, is_archived) VALUES ('c94b0c88-9af9-4a66-95ea-35fb4b8b14f8', '5a7535db-b459-4186-94a9-04a609ce2f8a', 'Bsfaplikace.cz', 'http://www.bsfaplikace.cz/', NULL, 14, '2025-10-23 16:11:25.23579+00', false);
INSERT INTO public.links (id, category_id, display_name, url, favicon_url, display_order, created_at, is_archived) VALUES ('42fbd5a1-8944-4ab5-a9aa-a1ab25e25d76', '5a7535db-b459-4186-94a9-04a609ce2f8a', 'BSFA USERS', 'https://pretest.bsfaplikace.cz/admin/user/', NULL, 15, '2025-10-23 16:11:25.23579+00', false);
INSERT INTO public.links (id, category_id, display_name, url, favicon_url, display_order, created_at, is_archived) VALUES ('f92bd5d9-e0f1-4c4d-8990-f158b15f46b0', '5a7535db-b459-4186-94a9-04a609ce2f8a', 'Crossel', 'https://docs.google.com/document/d/1-oYjBaOB100Xst4MEHJnBoEKNM2u_XWQEri4V6k4BEU/edit', NULL, 16, '2025-10-23 16:11:25.23579+00', false);
INSERT INTO public.links (id, category_id, display_name, url, favicon_url, display_order, created_at, is_archived) VALUES ('498f1ce7-968d-471d-890b-5dd14f2382c8', 'c4e38fa6-96ff-4993-9d9d-de30580a398a', 'Porovnání 2 hypoték : GOFIS', 'https://www.gofis.cz/cz/porovnani-2-hypotek', NULL, 0, '2025-10-23 16:11:25.289887+00', false);
INSERT INTO public.links (id, category_id, display_name, url, favicon_url, display_order, created_at, is_archived) VALUES ('6a55461b-6e87-48fc-9252-401705559645', 'c4e38fa6-96ff-4993-9d9d-de30580a398a', 'Hypoteční kalkulačka', 'https://www.gofis.cz/cz/hypotecni-kalkulacka', NULL, 1, '2025-10-23 16:11:25.289887+00', false);
INSERT INTO public.links (id, category_id, display_name, url, favicon_url, display_order, created_at, is_archived) VALUES ('5b3a77ff-83ca-46ee-817e-ef6c58cff061', 'c4e38fa6-96ff-4993-9d9d-de30580a398a', 'ARES', 'https://ares.gov.cz/', NULL, 2, '2025-10-23 16:11:25.289887+00', false);
INSERT INTO public.links (id, category_id, display_name, url, favicon_url, display_order, created_at, is_archived) VALUES ('6e9158dc-b6b4-4922-bff9-62f105a75037', 'c4e38fa6-96ff-4993-9d9d-de30580a398a', 'Živnostenský rejstřík', 'https://www.rzp.cz/cgi-bin/aps_cacheWEB.sh?VSS_SERV=ZVWSBJFND', NULL, 3, '2025-10-23 16:11:25.289887+00', false);
INSERT INTO public.links (id, category_id, display_name, url, favicon_url, display_order, created_at, is_archived) VALUES ('1023dc18-8371-46a1-ada5-93439848c108', 'c4e38fa6-96ff-4993-9d9d-de30580a398a', 'Omněna notáře', 'https://ispis.cz/kalkulacka?module=VD/notar.cgi', NULL, 4, '2025-10-23 16:11:25.289887+00', false);
INSERT INTO public.links (id, category_id, display_name, url, favicon_url, display_order, created_at, is_archived) VALUES ('64f226e1-2410-456e-87ad-e7afe51959f5', 'c4e38fa6-96ff-4993-9d9d-de30580a398a', 'ČÚZK', 'https://cuzk.cz', NULL, 5, '2025-10-23 16:11:25.289887+00', false);
INSERT INTO public.links (id, category_id, display_name, url, favicon_url, display_order, created_at, is_archived) VALUES ('d6c449b6-99c6-4a16-a7f5-be5475598819', 'c4e38fa6-96ff-4993-9d9d-de30580a398a', 'KB - stažení pohybů', 'https://login.kb.cz/login?sso=MB2&layout=BRAND', NULL, 6, '2025-10-23 16:11:25.289887+00', false);
INSERT INTO public.links (id, category_id, display_name, url, favicon_url, display_order, created_at, is_archived) VALUES ('a04f8f7b-b0ac-43ff-8231-8bbadbac93b1', 'c4e38fa6-96ff-4993-9d9d-de30580a398a', 'Datové schránky', 'https://www.mojedatovaschranka.cz/as/login?type=captcha&uri=https%3A%2F%2Fwww.mojedatovaschranka.cz%2Fportal%2FISDS%2F', NULL, 7, '2025-10-23 16:11:25.289887+00', false);
INSERT INTO public.links (id, category_id, display_name, url, favicon_url, display_order, created_at, is_archived) VALUES ('14dea6ea-c44c-4744-b352-8c84ad1f13ef', 'c4e38fa6-96ff-4993-9d9d-de30580a398a', 'Výpočet úroků | Výpočet úroků z prodlení | Online advokátní kalkulačka zdarma', 'https://www.advokatni-kalkulacka.cz/kalkulacky/vypocet-uroku?do=form-submit', NULL, 8, '2025-10-23 16:11:25.289887+00', false);
INSERT INTO public.links (id, category_id, display_name, url, favicon_url, display_order, created_at, is_archived) VALUES ('4473513f-b63f-4ee7-9c25-a6de089e7b09', 'c4e38fa6-96ff-4993-9d9d-de30580a398a', 'Soused radí', 'https://sousedradi.csobpoj.cz/', NULL, 9, '2025-10-23 16:11:25.289887+00', false);
INSERT INTO public.links (id, category_id, display_name, url, favicon_url, display_order, created_at, is_archived) VALUES ('5d01cf44-af43-4821-9e39-e7425712dfc5', 'c4e38fa6-96ff-4993-9d9d-de30580a398a', 'ČNB  - login stranka', 'https://apl.cnb.cz/apljerrsdad/JERRS.WEB09.DIRECT_FIND?p_lang=cz', NULL, 10, '2025-10-23 16:11:25.289887+00', false);
INSERT INTO public.links (id, category_id, display_name, url, favicon_url, display_order, created_at, is_archived) VALUES ('3ebd5c59-89af-4acb-bec7-0ed8fdf727d4', 'c4e38fa6-96ff-4993-9d9d-de30580a398a', 'CAP povodně', 'https://riskportal.intermap.cz/Intermap.ISF.Web.UI/Views/CS/CAP_Public/MainWizard.aspx?culturename=cs', NULL, 11, '2025-10-23 16:11:25.289887+00', false);
INSERT INTO public.links (id, category_id, display_name, url, favicon_url, display_order, created_at, is_archived) VALUES ('ee0b4167-37dc-4b6e-9229-5673c0ffaffd', 'c4e38fa6-96ff-4993-9d9d-de30580a398a', 'Datové schránky', 'https://info.mojedatovaschranka.cz/info/cs/', NULL, 12, '2025-10-23 16:11:25.289887+00', false);
INSERT INTO public.links (id, category_id, display_name, url, favicon_url, display_order, created_at, is_archived) VALUES ('c4eecb45-f022-425b-a9d8-ca5e20d08534', 'c4e38fa6-96ff-4993-9d9d-de30580a398a', 'Jak na výpověď smlouvy o stavebním spoření', 'https://www.stavebky.cz/jak-na-vypoved-smlouvy-o-stavebnim-sporeni/', NULL, 13, '2025-10-23 16:11:25.289887+00', false);
INSERT INTO public.links (id, category_id, display_name, url, favicon_url, display_order, created_at, is_archived) VALUES ('4c7ec5e8-efcb-4b98-8fcf-7581d9802bab', 'c4e38fa6-96ff-4993-9d9d-de30580a398a', 'Kalkulačka RPSN', 'https://www.penize.cz/kalkulacky/rpsn#rpsn', NULL, 14, '2025-10-23 16:11:25.289887+00', false);
INSERT INTO public.links (id, category_id, display_name, url, favicon_url, display_order, created_at, is_archived) VALUES ('018d16e2-8a75-4309-bee5-1064540978ec', 'c4e38fa6-96ff-4993-9d9d-de30580a398a', 'Informativní důchodová aplikace', 'https://eportal.cssz.cz/web/portal/-/sluzby/informativni-duchodova-aplikace', NULL, 15, '2025-10-23 16:11:25.289887+00', false);
INSERT INTO public.links (id, category_id, display_name, url, favicon_url, display_order, created_at, is_archived) VALUES ('0537033f-9cb4-4d02-ae35-c0b2590da2a1', 'c4e38fa6-96ff-4993-9d9d-de30580a398a', 'Výpočet spotřeby elektřiny — online kalkulačka', 'https://www.vypocitejto.cz/energie/spotreba-elektriny/', NULL, 16, '2025-10-23 16:11:25.289887+00', false);
INSERT INTO public.links (id, category_id, display_name, url, favicon_url, display_order, created_at, is_archived) VALUES ('1f609a62-38a0-45d2-a807-3f455eeb76a5', 'c4e38fa6-96ff-4993-9d9d-de30580a398a', 'Power Apps', 'https://make.powerapps.com/environments/Default-2c6e868b-f832-4c33-8ba7-b632a016d208/home', NULL, 17, '2025-10-23 16:11:25.289887+00', false);
INSERT INTO public.links (id, category_id, display_name, url, favicon_url, display_order, created_at, is_archived) VALUES ('58d11c38-33f5-4957-9ec2-8caafa61d858', 'c4e38fa6-96ff-4993-9d9d-de30580a398a', 'Generátor QR Platby', 'https://qr-platba.cz/generator/', NULL, 18, '2025-10-23 16:11:25.289887+00', false);
INSERT INTO public.links (id, category_id, display_name, url, favicon_url, display_order, created_at, is_archived) VALUES ('23233da7-a802-41e6-8dca-3aa904b2eeb5', 'c4e38fa6-96ff-4993-9d9d-de30580a398a', 'QR kody | GENEROVÁNÍ', 'https://online-qr-generator.com/cs/create?step=1&qr_onboarding=active_dpf&fx=QR-k%C3%B3d&utm_source=google&utm_medium=cpc&utm_id=21105140147&utm_content=b&utm_term=qr+k%C3%B3d&network=g&matchtype=b&device=c&gaid=CZ-CZ-C-DPF&gad_source=1&_gl=1*1gw4hzx*_up*MQ..*_gs*MQ..&gclid=Cj0KCQiAj9m7BhD1ARIsANsIIvB-x2j3FogSaMBR3bZmhugx6-kGW8sVNUliwij09h3QIQ9mT1Wq634aAmyAEALw_wcB', NULL, 19, '2025-10-23 16:11:25.289887+00', false);
INSERT INTO public.links (id, category_id, display_name, url, favicon_url, display_order, created_at, is_archived) VALUES ('df1f099b-b2ad-4cd5-9f32-f8134ca49891', 'abd0ccba-7f08-4a34-b273-f286e310aaf3', 'Géčko', 'https://golemfinance.crm4.dynamics.com/main.aspx?appid=192f4a27-5495-e711-8119-e0071b668031&pagetype=dashboard&id=5cf90921-df0e-e711-80f9-5065f38a8ad1&type=system&_canOverride=true', NULL, 0, '2025-10-23 16:11:25.346082+00', false);
INSERT INTO public.links (id, category_id, display_name, url, favicon_url, display_order, created_at, is_archived) VALUES ('6398120a-41e1-4f2c-ad59-9c2bcfb7a74d', 'abd0ccba-7f08-4a34-b273-f286e310aaf3', 'GOFIS', 'https://www.gofisportal.cz/', NULL, 1, '2025-10-23 16:11:25.346082+00', false);
INSERT INTO public.links (id, category_id, display_name, url, favicon_url, display_order, created_at, is_archived) VALUES ('e7108b3a-98af-4a58-a257-d917d19147bb', 'abd0ccba-7f08-4a34-b273-f286e310aaf3', 'Přístupy pojišťovny', 'https://docs.google.com/spreadsheets/d/1C8kfGjhz2ChV-GMHp9k0HsE_OXhJSdB4/edit#gid=656289157', NULL, 2, '2025-10-23 16:11:25.346082+00', false);
INSERT INTO public.links (id, category_id, display_name, url, favicon_url, display_order, created_at, is_archived) VALUES ('555af6d3-191e-4b8a-b52b-7e351bdf2c2f', 'abd0ccba-7f08-4a34-b273-f286e310aaf3', 'Kalkulačka Hypo', 'https://golemfinance.cz/hypohriste/hypotecni-kalkulacka/', NULL, 3, '2025-10-23 16:11:25.346082+00', false);
INSERT INTO public.links (id, category_id, display_name, url, favicon_url, display_order, created_at, is_archived) VALUES ('8b3edd71-333c-4d7c-be29-5e8ddefa6c8d', 'abd0ccba-7f08-4a34-b273-f286e310aaf3', 'Admin - Firmy.cz MKCZ', 'https://admin.firmy.cz/firma-kampan/chytre-nastaveni/3760862', NULL, 4, '2025-10-23 16:11:25.346082+00', false);
INSERT INTO public.links (id, category_id, display_name, url, favicon_url, display_order, created_at, is_archived) VALUES ('a6cb719c-f8d3-4d88-b7e4-9b70e7eea80e', 'dcb761e0-e7ee-476b-9112-4f5395e66a0f', '‎Bard – chatový AI nástroj od Googlu založený na jazykovém modelu PaLM 2', 'https://bard.google.com/chat/d5d44e238e4309f1?hl=cs', NULL, 32, '2025-10-23 16:11:25.474338+00', false);
INSERT INTO public.links (id, category_id, display_name, url, favicon_url, display_order, created_at, is_archived) VALUES ('2f6959c5-4b9c-4ce4-a451-6b8f69182e33', '0686f90a-e8c2-4c72-8608-6d53e5d3d460', 'Direct', 'https://www.direct.cz/portal/dashboard', NULL, 5, '2025-10-23 16:11:25.373512+00', false);
INSERT INTO public.links (id, category_id, display_name, url, favicon_url, display_order, created_at, is_archived) VALUES ('c35a6582-ee49-49f7-bc7b-1e57cb52e9b5', '0686f90a-e8c2-4c72-8608-6d53e5d3d460', 'Maxima', 'https://www.maximapojistovna.cz/pojistenionline/secure2/', NULL, 6, '2025-10-23 16:11:25.373512+00', false);
INSERT INTO public.links (id, category_id, display_name, url, favicon_url, display_order, created_at, is_archived) VALUES ('a884210f-d984-4a49-acdb-bdc09e959ef1', '0686f90a-e8c2-4c72-8608-6d53e5d3d460', 'Generali Česká', 'https://cas.cpas.cz/cas/login?service=https%3A%2F%2Fapi.cpas.cz%2Fredirect%2Fcas%3Fclient_id%3Dd3b7f5fa-d9fc-4f73-a889-dfa80ba5cf4c%26scope%3Dopenid%2Bgsm%2Bedksmapi%2Bsemaphore%26redirect_uri%3Dhttps%253A%252F%252Fsanmarco.generaliceska.cz%26state%3D%257B%2522pathname%2522%253A%2522%252F%2522%252C%2522hash%2522%253A%2522%2522%252C%2522search%2522%253A%2522%2522%252C%2522originatedFromApp%2522%253Atrue%257D%26', NULL, 7, '2025-10-23 16:11:25.373512+00', false);
INSERT INTO public.links (id, category_id, display_name, url, favicon_url, display_order, created_at, is_archived) VALUES ('c3219afa-f0b6-49ca-9d9b-f947856a3380', '0686f90a-e8c2-4c72-8608-6d53e5d3d460', 'Unihub.uniqa.cz', 'https://unihub.uniqa.cz/', NULL, 8, '2025-10-23 16:11:25.373512+00', false);
INSERT INTO public.links (id, category_id, display_name, url, favicon_url, display_order, created_at, is_archived) VALUES ('0ce7da44-93a9-4d45-b1df-4ac935c13ce0', '0686f90a-e8c2-4c72-8608-6d53e5d3d460', 'ERGO', 'https://app.ergo.cz/index.php?logout=1', NULL, 9, '2025-10-23 16:11:25.373512+00', false);
INSERT INTO public.links (id, category_id, display_name, url, favicon_url, display_order, created_at, is_archived) VALUES ('bbd0628b-9aeb-49b0-a55f-3d81af0a2256', '0686f90a-e8c2-4c72-8608-6d53e5d3d460', 'J&T Banka', 'https://partneri.jtbank.cz/Account/Login?ReturnUrl=%2F', NULL, 10, '2025-10-23 16:11:25.373512+00', false);
INSERT INTO public.links (id, category_id, display_name, url, favicon_url, display_order, created_at, is_archived) VALUES ('138f05c7-83d5-475a-b885-668cc8b549c5', '0686f90a-e8c2-4c72-8608-6d53e5d3d460', 'METLIFE', 'https://ismet.metlife.cz/login/login.fcc?country=cz&TYPE=33554433&REALMOID=06-0008c97e-d34c-12a9-b705-96100a400000&GUID=&SMAUTHREASON=0&METHOD=GET&SMAGENTNAME=-SM-Z7JtWwkBF40AWhuclKfoNxQU%2bDIop%2b5U%2fXw0LyQrNkabUOXasJYwHt4svi6fWtoX&TARGET=-SM-https%3a%2f%2fismet%2emetlife%2ecz%2f', NULL, 11, '2025-10-23 16:11:25.373512+00', false);
INSERT INTO public.links (id, category_id, display_name, url, favicon_url, display_order, created_at, is_archived) VALUES ('991ebb7f-b357-4cba-8585-e9f6ca72e6d4', '0686f90a-e8c2-4c72-8608-6d53e5d3d460', 'uPortal', 'https://www.uportal.cz/cz/portal/ovladaci-panel/', NULL, 12, '2025-10-23 16:11:25.373512+00', false);
INSERT INTO public.links (id, category_id, display_name, url, favicon_url, display_order, created_at, is_archived) VALUES ('209b320e-0446-41fc-9033-24e06c89bfd0', '0686f90a-e8c2-4c72-8608-6d53e5d3d460', 'PVZP', 'https://sjednavac.pvzp.cz/pvzp/app/ui/portal/login', NULL, 13, '2025-10-23 16:11:25.373512+00', false);
INSERT INTO public.links (id, category_id, display_name, url, favicon_url, display_order, created_at, is_archived) VALUES ('260d06cf-7243-4767-b8f8-f1456ec528e6', '0686f90a-e8c2-4c72-8608-6d53e5d3d460', 'Vector 2023', 'https://www.app.vectorcertifikace.cz/elearning/nasledne-vzdelavani-pojisteni/', NULL, 14, '2025-10-23 16:11:25.373512+00', false);
INSERT INTO public.links (id, category_id, display_name, url, favicon_url, display_order, created_at, is_archived) VALUES ('392eaf21-b289-4587-85c7-a36bbb22c66e', '8d53b456-0d86-47ec-b600-b6fe5968cf3e', 'EKKA gold', 'https://portal.ekka-gold.cz/crm/login.faces', NULL, 0, '2025-10-23 16:11:25.421238+00', false);
INSERT INTO public.links (id, category_id, display_name, url, favicon_url, display_order, created_at, is_archived) VALUES ('a56ce3c6-8f9a-4f83-bc85-ce9997206d57', '8d53b456-0d86-47ec-b600-b6fe5968cf3e', 'Moje Investika', 'https://www.investika.cz/portal/', NULL, 1, '2025-10-23 16:11:25.421238+00', false);
INSERT INTO public.links (id, category_id, display_name, url, favicon_url, display_order, created_at, is_archived) VALUES ('2695632e-f7da-4da3-97d3-e90adaa698b2', '8d53b456-0d86-47ec-b600-b6fe5968cf3e', 'CONSEQ', 'https://www.conseq.cz/my-conseq/login?returnurl=%2fmuj-conseq', NULL, 2, '2025-10-23 16:11:25.421238+00', false);
INSERT INTO public.links (id, category_id, display_name, url, favicon_url, display_order, created_at, is_archived) VALUES ('a9bb1e8f-012b-4da2-be5d-2dd6db9b7cbe', '8d53b456-0d86-47ec-b600-b6fe5968cf3e', 'Portu', 'https://www.portu.cz/souhrn', NULL, 3, '2025-10-23 16:11:25.421238+00', false);
INSERT INTO public.links (id, category_id, display_name, url, favicon_url, display_order, created_at, is_archived) VALUES ('c71f8afc-5431-4e31-bf4d-147740908121', '8d53b456-0d86-47ec-b600-b6fe5968cf3e', 'Coinbase', 'https://www.coinbase.com/signin?return_to=%2Fdashboard', NULL, 4, '2025-10-23 16:11:25.421238+00', false);
INSERT INTO public.links (id, category_id, display_name, url, favicon_url, display_order, created_at, is_archived) VALUES ('4f177a73-f263-4f2c-8d1b-f80a058f53f3', '8d53b456-0d86-47ec-b600-b6fe5968cf3e', 'Detail IRS CZK 5Y - Patria.cz', 'https://www.patria.cz/kurzy/CZK/5Y/irs/graf.html', NULL, 5, '2025-10-23 16:11:25.421238+00', false);
INSERT INTO public.links (id, category_id, display_name, url, favicon_url, display_order, created_at, is_archived) VALUES ('ee2157ff-7224-4118-a7ec-5a2f97cabe40', '8d53b456-0d86-47ec-b600-b6fe5968cf3e', 'Detail IRS CZK 10Y - Patria.cz', 'https://www.patria.cz/kurzy/CZK/10Y/irs/graf.html', NULL, 6, '2025-10-23 16:11:25.421238+00', false);
INSERT INTO public.links (id, category_id, display_name, url, favicon_url, display_order, created_at, is_archived) VALUES ('1d469d51-d491-4539-8074-fb71666490c4', '8d53b456-0d86-47ec-b600-b6fe5968cf3e', 'CZ/USD', 'https://www.patria.cz/kurzy/CZK/USD/graf.html', NULL, 7, '2025-10-23 16:11:25.421238+00', false);
INSERT INTO public.links (id, category_id, display_name, url, favicon_url, display_order, created_at, is_archived) VALUES ('95ff7abc-4b5a-4cc1-b9c2-8829df1854c8', '8d53b456-0d86-47ec-b600-b6fe5968cf3e', 'CZ/EUR', 'https://www.patria.cz/kurzy/CZK/EUR/graf.html', NULL, 8, '2025-10-23 16:11:25.421238+00', false);
INSERT INTO public.links (id, category_id, display_name, url, favicon_url, display_order, created_at, is_archived) VALUES ('8a8c2605-7c9f-4ff8-b404-347148d0acd9', '8d53b456-0d86-47ec-b600-b6fe5968cf3e', 'Colosseum', 'https://kc.colosseum.cz/Account/Login', NULL, 9, '2025-10-23 16:11:25.421238+00', false);
INSERT INTO public.links (id, category_id, display_name, url, favicon_url, display_order, created_at, is_archived) VALUES ('c5f5e430-b81e-49e0-b73d-bff9777a1912', '8d53b456-0d86-47ec-b600-b6fe5968cf3e', 'Tradestreet.cz', 'https://app.tradestreet.cz/auth/login', NULL, 10, '2025-10-23 16:11:25.421238+00', false);
INSERT INTO public.links (id, category_id, display_name, url, favicon_url, display_order, created_at, is_archived) VALUES ('5c632b23-6523-4d3b-b89b-a71312c7bc09', 'dcb761e0-e7ee-476b-9112-4f5395e66a0f', 'Tinywow', 'https://tinywow.com/', NULL, 0, '2025-10-23 16:11:25.474338+00', false);
INSERT INTO public.links (id, category_id, display_name, url, favicon_url, display_order, created_at, is_archived) VALUES ('3ba4ac05-6157-412b-a43e-ffababcf9771', 'dcb761e0-e7ee-476b-9112-4f5395e66a0f', 'PDF ONLINE', 'https://tools.pdf24.org/cs/compress-pdf', NULL, 1, '2025-10-23 16:11:25.474338+00', false);
INSERT INTO public.links (id, category_id, display_name, url, favicon_url, display_order, created_at, is_archived) VALUES ('95c012f4-9aaa-493f-a321-318406809b78', 'dcb761e0-e7ee-476b-9112-4f5395e66a0f', 'Odstranovač pozadí', 'https://Remove.bg', NULL, 2, '2025-10-23 16:11:25.474338+00', false);
INSERT INTO public.links (id, category_id, display_name, url, favicon_url, display_order, created_at, is_archived) VALUES ('742cf1c5-1471-42cd-ba69-6f9050dd0d85', 'dcb761e0-e7ee-476b-9112-4f5395e66a0f', 'Photoshop online', 'https://Photopea.com', NULL, 3, '2025-10-23 16:11:25.474338+00', false);
INSERT INTO public.links (id, category_id, display_name, url, favicon_url, display_order, created_at, is_archived) VALUES ('e560e2ed-c114-47b7-9ed2-0f672cdc35d1', 'dcb761e0-e7ee-476b-9112-4f5395e66a0f', 'Odstraňovač objektů', 'https://Theinpaint.com', NULL, 4, '2025-10-23 16:11:25.474338+00', false);
INSERT INTO public.links (id, category_id, display_name, url, favicon_url, display_order, created_at, is_archived) VALUES ('5b662b75-5f53-432e-824f-b542187f388b', 'dcb761e0-e7ee-476b-9112-4f5395e66a0f', 'Radar letadel', 'https://Flightradar24.com', NULL, 5, '2025-10-23 16:11:25.474338+00', false);
INSERT INTO public.links (id, category_id, display_name, url, favicon_url, display_order, created_at, is_archived) VALUES ('f5d7b781-61e8-45d7-be4e-a85a8987b94c', 'dcb761e0-e7ee-476b-9112-4f5395e66a0f', 'Emulator online - hry', 'https://myemulator.online/', NULL, 6, '2025-10-23 16:11:25.474338+00', false);
INSERT INTO public.links (id, category_id, display_name, url, favicon_url, display_order, created_at, is_archived) VALUES ('1abf9ab6-cc36-48e9-b34f-d4049bcca21f', 'dcb761e0-e7ee-476b-9112-4f5395e66a0f', 'Generátor receptů', 'https://Eatthismuch.com', NULL, 7, '2025-10-23 16:11:25.474338+00', false);
INSERT INTO public.links (id, category_id, display_name, url, favicon_url, display_order, created_at, is_archived) VALUES ('27354f48-dbc3-4bb5-ba4a-980a989ae8a0', 'dcb761e0-e7ee-476b-9112-4f5395e66a0f', 'VALUO', 'https://www.valuo.cz/login', NULL, 8, '2025-10-23 16:11:25.474338+00', false);
INSERT INTO public.links (id, category_id, display_name, url, favicon_url, display_order, created_at, is_archived) VALUES ('bbe3eae3-4552-4992-a787-8ec7f4494045', 'dcb761e0-e7ee-476b-9112-4f5395e66a0f', 'Realingo.cz', 'https://www.realingo.cz/', NULL, 9, '2025-10-23 16:11:25.474338+00', false);
INSERT INTO public.links (id, category_id, display_name, url, favicon_url, display_order, created_at, is_archived) VALUES ('a1fb5fcd-a765-4c4a-81bb-c4e29c249a1d', 'dcb761e0-e7ee-476b-9112-4f5395e66a0f', 'WEDOS', 'https://client.wedos.com/home/', NULL, 10, '2025-10-23 16:11:25.474338+00', false);
INSERT INTO public.links (id, category_id, display_name, url, favicon_url, display_order, created_at, is_archived) VALUES ('e97d8a68-4d84-4598-8a4f-76efa9faf306', 'dcb761e0-e7ee-476b-9112-4f5395e66a0f', 'Eidentita', 'https://www.eidentita.cz/Home', NULL, 11, '2025-10-23 16:11:25.474338+00', false);
INSERT INTO public.links (id, category_id, display_name, url, favicon_url, display_order, created_at, is_archived) VALUES ('7ef3f6e7-2d17-48d6-9261-62f871e01b3d', 'dcb761e0-e7ee-476b-9112-4f5395e66a0f', 'Zlepšovat kvality Fotek', 'https://letsenhance.io/', NULL, 12, '2025-10-23 16:11:25.474338+00', false);
INSERT INTO public.links (id, category_id, display_name, url, favicon_url, display_order, created_at, is_archived) VALUES ('b759c39e-7f37-4273-95ce-d495c3ab5a80', 'dcb761e0-e7ee-476b-9112-4f5395e66a0f', 'Coggle', 'https://coggle.it/', NULL, 13, '2025-10-23 16:11:25.474338+00', false);
INSERT INTO public.links (id, category_id, display_name, url, favicon_url, display_order, created_at, is_archived) VALUES ('28ad2dd5-0174-4393-b189-1116a101715b', 'dcb761e0-e7ee-476b-9112-4f5395e66a0f', 'Padlet - Provize HM', 'https://padlet.com/ingkost/948a2uu73n2vlq8q', NULL, 14, '2025-10-23 16:11:25.474338+00', false);
INSERT INTO public.links (id, category_id, display_name, url, favicon_url, display_order, created_at, is_archived) VALUES ('67c1794b-35da-4c01-a1f9-4dae4d2012b0', 'dcb761e0-e7ee-476b-9112-4f5395e66a0f', 'Počasí Brno, předpověď na 5 dní a RADAR | Seznam.czPocitová teplotaTlak vzduchuBIO zátěžRychlost větruRychlost nárazového větruSrážkyOblačno bouřkyPolojasno bouřkyPolojasno bouřkyOblačnoPolojasnoPolojasnoPolojasnoSrážkySníhVítrVýchod slunceZápad slunceOblačno bouřkySrážkySníhVítrZataženo bouřkySrážkySníhVítrOblačnoSrážkySníhVítrOblačnoSrážkySníhVítrVýchod slunceZápad slunceJasnoSrážkySníhVítrJasnoSrážkySníhVítrJasnoSrážkySníhVítrPolojasnoSrážkySníhVítrZataženoSrážkySníhVítrPolojasno bouřkySrážkySníhVítrPolojasnoSrážkySníhVítrPolojasnoSrážkySníhVítrVýchod slunceZápad sluncePolojasnoSrážkySníhVítrPolojasnoSrážkySníhVítrPolojasnoSrážkySníhVítrPolojasno bouřkySrážkySníhVítrPolojasno bouřkySrážkySníhVítrSkoro jasno déšťSrážkySníhVítrJasnoSrážkySníhVítrSkoro jasnoSrážkySníhVítrVýchod slunceZápad sluncePolojasnoSrážkySníhVítrSkoro jasnoSrážkySníhVítrZataženoSrážkySníhVítrPolojasno déšťSrážkySníhVítrSkoro zataženo déšťSrážkySníhVítrZataženoSrážkySníhVítrZataženoSrážkySníhVítrSkoro jasnoSrážkySníhVítrVýchod slunceZápad slunceSkoro jasnoSrážkySníhVítrPolojasnoSrážkySníhVítrSkoro zataženoSrážkySníhVítrPolojasnoSrážkySníhVítrPolojasnoSrážkySníhVítrPolojasnoSrážkySníhVítrPolojasnoSrážkySníhVítrJasnoSrážkySníhVítrVýchod slunceZápad slunceJasnoSrážkySníhVítrSkoro jasnoSrážkySníhVítrSkoro zataženoSrážkySníhVítrZataženoSrážkySníhVítrOblačnoSrážkySníhVítrSkoro jasnoSrážkySníhVítrJasnoSrážkySníhVítrJasnoSrážkySníhVítrJasnoSrážkySníhVítrSkoro jasno bouřkyOblačno bouřkyPolojasno bouřkyPolojasnoPolojasno bouřkyOblačno bouřkyPolojasno bouřkyPolojasno bouřkyPolojasno bouřkySkoro jasno bouřkyOblačno bouřkyPolojasno bouřkySkoro jasnoSkoro jasno bouřky', 'https://pocasi.seznam.cz/brno?lat=49.221&lon=16.587&z=5&f=muni', NULL, 15, '2025-10-23 16:11:25.474338+00', false);
INSERT INTO public.links (id, category_id, display_name, url, favicon_url, display_order, created_at, is_archived) VALUES ('cb4d66cd-4656-4f7c-8011-95e2c628a7e3', 'dcb761e0-e7ee-476b-9112-4f5395e66a0f', 'Soused radí', 'https://sousedradi.csobpoj.cz/#/', NULL, 16, '2025-10-23 16:11:25.474338+00', false);
INSERT INTO public.links (id, category_id, display_name, url, favicon_url, display_order, created_at, is_archived) VALUES ('870296d3-1a31-42d0-8656-effb4e2222c8', 'dcb761e0-e7ee-476b-9112-4f5395e66a0f', 'Streamcinema.cz', 'https://streamcinema.cz/', NULL, 17, '2025-10-23 16:11:25.474338+00', false);
INSERT INTO public.links (id, category_id, display_name, url, favicon_url, display_order, created_at, is_archived) VALUES ('84cb221f-3900-4e00-adfd-99175b8b080e', 'dcb761e0-e7ee-476b-9112-4f5395e66a0f', 'Google Images', 'https://www.google.com/imghp?hl=EN', NULL, 18, '2025-10-23 16:11:25.474338+00', false);
INSERT INTO public.links (id, category_id, display_name, url, favicon_url, display_order, created_at, is_archived) VALUES ('4bdb50e3-5f4e-43c5-84ea-78d590109087', 'dcb761e0-e7ee-476b-9112-4f5395e66a0f', 'Futurepedia.io', 'https://www.futurepedia.io/', NULL, 19, '2025-10-23 16:11:25.474338+00', false);
INSERT INTO public.links (id, category_id, display_name, url, favicon_url, display_order, created_at, is_archived) VALUES ('351cf484-f840-4c34-a029-9aee0ea1a95c', 'dcb761e0-e7ee-476b-9112-4f5395e66a0f', 'Play Retro Games Online', 'https://playretrogames.com/', NULL, 20, '2025-10-23 16:11:25.474338+00', false);
INSERT INTO public.links (id, category_id, display_name, url, favicon_url, display_order, created_at, is_archived) VALUES ('9315dc0b-8efb-4fa1-b52d-046d729edace', 'dcb761e0-e7ee-476b-9112-4f5395e66a0f', 'Půjčovna', 'https://www.komec.cz/pujcovna/', NULL, 21, '2025-10-23 16:11:25.474338+00', false);
INSERT INTO public.links (id, category_id, display_name, url, favicon_url, display_order, created_at, is_archived) VALUES ('efa91737-e6a5-4b3c-b2a2-25f8328474e5', 'dcb761e0-e7ee-476b-9112-4f5395e66a0f', 'Přehraj.to', 'https://prehrajto.cz', NULL, 22, '2025-10-23 16:11:25.474338+00', false);
INSERT INTO public.links (id, category_id, display_name, url, favicon_url, display_order, created_at, is_archived) VALUES ('8d46bc93-3219-4bbd-b34b-bc0df54f5a63', 'dcb761e0-e7ee-476b-9112-4f5395e66a0f', 'Beverly Hills, 90210', 'https://svetserialu.io/serial/beverly-hills-90210/s01e01', NULL, 23, '2025-10-23 16:11:25.474338+00', false);
INSERT INTO public.links (id, category_id, display_name, url, favicon_url, display_order, created_at, is_archived) VALUES ('5730ef01-ff08-4f64-972b-4723aa87e33b', 'dcb761e0-e7ee-476b-9112-4f5395e66a0f', 'The Simpsons', 'https://svetserialu.io/serial/the-simpsons/s11e04', NULL, 24, '2025-10-23 16:11:25.474338+00', false);
INSERT INTO public.links (id, category_id, display_name, url, favicon_url, display_order, created_at, is_archived) VALUES ('d354ba63-830f-45ea-bf36-555b84f60ff9', 'dcb761e0-e7ee-476b-9112-4f5395e66a0f', 'Online seriály', 'https://serialy.bombuj.si/', NULL, 25, '2025-10-23 16:11:25.474338+00', false);
INSERT INTO public.links (id, category_id, display_name, url, favicon_url, display_order, created_at, is_archived) VALUES ('476367c6-bd79-4c81-a647-742440c03045', 'dcb761e0-e7ee-476b-9112-4f5395e66a0f', 'Filmy.kukaj.me', 'https://filmy.kukaj.me/', NULL, 26, '2025-10-23 16:11:25.474338+00', false);
INSERT INTO public.links (id, category_id, display_name, url, favicon_url, display_order, created_at, is_archived) VALUES ('40dd7e69-d113-4637-a715-96d1d7d63dd8', 'dcb761e0-e7ee-476b-9112-4f5395e66a0f', 'Obrazek z textu - Adobe Firefly (Beta)', 'https://Firefly.adobe.com', NULL, 27, '2025-10-23 16:11:25.474338+00', false);
INSERT INTO public.links (id, category_id, display_name, url, favicon_url, display_order, created_at, is_archived) VALUES ('c685e04d-7b6d-40a3-9428-1132620978fd', 'dcb761e0-e7ee-476b-9112-4f5395e66a0f', 'Adobe Podcast', 'https://Podcast.Adobe.com', NULL, 28, '2025-10-23 16:11:25.474338+00', false);
INSERT INTO public.links (id, category_id, display_name, url, favicon_url, display_order, created_at, is_archived) VALUES ('87195173-9fd1-4471-bcb1-4bd35bb524ce', 'dcb761e0-e7ee-476b-9112-4f5395e66a0f', 'make.com', 'https://make.com', NULL, 29, '2025-10-23 16:11:25.474338+00', false);
INSERT INTO public.links (id, category_id, display_name, url, favicon_url, display_order, created_at, is_archived) VALUES ('425592c5-13d3-4426-a9fa-80ed768e959f', 'dcb761e0-e7ee-476b-9112-4f5395e66a0f', 'Hotel Paradise', 'https://www.tv-archiv.sk/hotel-paradise', NULL, 30, '2025-10-23 16:11:25.474338+00', false);
INSERT INTO public.links (id, category_id, display_name, url, favicon_url, display_order, created_at, is_archived) VALUES ('64524547-1edb-4fad-89b9-d9a56a598566', 'dcb761e0-e7ee-476b-9112-4f5395e66a0f', 'ChatGPT', 'https://chat.openai.com/chat', NULL, 31, '2025-10-23 16:11:25.474338+00', false);
INSERT INTO public.links (id, category_id, display_name, url, favicon_url, display_order, created_at, is_archived) VALUES ('cec206b7-5098-4846-b33a-251855817b77', 'bf817072-6a7d-424d-b63b-10267f19deb9', 'MS Store od TOMASE', 'https://idsrv.ecompanystore.com/account/signin?ReturnUrl=%2fissue%2fwsfed%3fwa%3dwsignin1.0%26wtrealm%3dhttps%253a%252f%252fstore.ecompanystore.com%252fmicrosoft%252f%26wctx%3drm%253d0%2526id%253d5f28c149-fc7d-4339-a3f8-e40ef45224ee%2526ru%253d%25252fmicrosoft%25252fHome%25252fLogon%25252f%25253fstoreCode%25253dMIC%252526userType%25253dpassholder%252526unph%25253dPass%25252520Id%26wct%3d2024-11-30T00%253a39%253a12Z%26storecode%3dMIC%26reg%3dhttps%253a%252f%252fstore.ecompanystore.com%252fmicrosoft%252fShop%252fRegister%252fpassholder%252f%253fstoreCode%253dMIC%26sru%3dhttps%253a%252f%252fstore.ecompanystore.com%252fmicrosoft%252f%26unph%3dPass%2bId%26ut%3dpassholder&wa=wsignin1.0&wtrealm=https%3a%2f%2fstore.ecompanystore.com%2fmicrosoft%2f&wctx=rm%3d0%26id%3d5f28c149-fc7d-4339-a3f8-e40ef45224ee%26ru%3d%252fmicrosoft%252fHome%252fLogon%252f%253fstoreCode%253dMIC%2526userType%253dpassholder%2526unph%253dPass%252520Id&wct=2024-11-30T00%3a39%3a12Z&storecode=MIC&reg=https%3a%2f%2fstore.ecompanystore.com%2fmicrosoft%2fShop%2fRegister%2fpassholder%2f%3fstoreCode%3dMIC&sru=https%3a%2f%2fstore.ecompanystore.com%2fmicrosoft%2f&unph=Pass+Id&ut=passholder', NULL, 0, '2025-10-23 16:11:25.398668+00', false);
INSERT INTO public.links (id, category_id, display_name, url, favicon_url, display_order, created_at, is_archived) VALUES ('19edb1a7-7b8a-406b-bc0f-8164f2e037d1', '1536dc14-89a8-4372-bfa1-22a7ee4e797b', 'Byt Zborovská', 'https://docs.google.com/spreadsheets/d/1EUNvE5-oLFJewCDnVi8dt63_160YEHW6vxp7FGyVzEU/edit#gid=0', NULL, 0, '2025-10-23 16:11:25.449977+00', false);
INSERT INTO public.links (id, category_id, display_name, url, favicon_url, display_order, created_at, is_archived) VALUES ('1b7770ff-e234-4cd9-9ad3-4f832ba02798', '1536dc14-89a8-4372-bfa1-22a7ee4e797b', 'Tipy na výlet Brno a okolí | 100+ atrakcí | NaVylet.cz', 'https://www.navylet.cz/cs/atrakce/brno', NULL, 1, '2025-10-23 16:11:25.449977+00', false);
INSERT INTO public.links (id, category_id, display_name, url, favicon_url, display_order, created_at, is_archived) VALUES ('653ce2a4-4877-46d9-8dfe-9191c9c76257', '1536dc14-89a8-4372-bfa1-22a7ee4e797b', 'Albert', 'https://www.albertdomuzdarma.cz/', NULL, 2, '2025-10-23 16:11:25.449977+00', false);
INSERT INTO public.links (id, category_id, display_name, url, favicon_url, display_order, created_at, is_archived) VALUES ('2203ac87-c6f0-466b-850d-b4dd9fa20d87', '1536dc14-89a8-4372-bfa1-22a7ee4e797b', 'Sreality - statistika', 'https://www.sreality.cz/ceny-nemovitosti?lokalita=obec%20Brno&region-id=5740&stav=velmi-dobry,pred-rekonstrukci', NULL, 3, '2025-10-23 16:11:25.449977+00', false);
INSERT INTO public.links (id, category_id, display_name, url, favicon_url, display_order, created_at, is_archived) VALUES ('927fa48b-d3f2-4ee4-8f0e-02fc24ffa6dc', '1536dc14-89a8-4372-bfa1-22a7ee4e797b', 'Chytrý zámek SETINO S31B Aluminium Smart Lock Pro všechny dveře', 'https://www.podmix.cz/SETINO-S31B-Aluminium-Smart-Lock-Pro-vsechny-dvere?tab=description', NULL, 4, '2025-10-23 16:11:25.449977+00', false);
INSERT INTO public.links (id, category_id, display_name, url, favicon_url, display_order, created_at, is_archived) VALUES ('9032bfeb-8457-4c8a-854c-a2e2c9eab236', '1536dc14-89a8-4372-bfa1-22a7ee4e797b', 'GD-04K Univerzální GSM komunikátor a ovladač', 'https://www.jabloshop.cz/jablotron-gd-04k-univerzalni-gsm-komunikator-a-ovladac', NULL, 5, '2025-10-23 16:11:25.449977+00', false);
INSERT INTO public.links (id, category_id, display_name, url, favicon_url, display_order, created_at, is_archived) VALUES ('9c14a09f-50a9-4d6a-896f-c63e40593e6b', '1536dc14-89a8-4372-bfa1-22a7ee4e797b', 'https://www.tsbohemia.cz/tp-link-re305_d262198.html', 'https://www.tsbohemia.cz/tp-link-re305_d262198.html', NULL, 6, '2025-10-23 16:11:25.449977+00', false);
INSERT INTO public.links (id, category_id, display_name, url, favicon_url, display_order, created_at, is_archived) VALUES ('97a5e978-04d3-4b89-98af-fd952457dfac', '1536dc14-89a8-4372-bfa1-22a7ee4e797b', 'WiFi extender TP-Link RE305 AC1200 (RE305) bílý | DATART', 'https://www.datart.cz/Router-TP-Link-RE305-AC1200-Dual-Band-Wifi-Range-Extender.html', NULL, 7, '2025-10-23 16:11:25.449977+00', false);
INSERT INTO public.links (id, category_id, display_name, url, favicon_url, display_order, created_at, is_archived) VALUES ('4f4e898a-d39b-4320-8bda-a6e6e88aad3b', '1536dc14-89a8-4372-bfa1-22a7ee4e797b', 'TrhKnih', 'https://www.trhknih.cz/prostredky', NULL, 8, '2025-10-23 16:11:25.449977+00', false);
INSERT INTO public.links (id, category_id, display_name, url, favicon_url, display_order, created_at, is_archived) VALUES ('a424c09b-223d-47b7-83b5-1e47a7114224', '1536dc14-89a8-4372-bfa1-22a7ee4e797b', 'Schránka na klíče s kódovým zámkem, na 60 klíčů | B2B Partner', 'https://www.b2bpartner.cz/schranka-na-klice-s-kodovym-zamkem-na-60-klicu/', NULL, 9, '2025-10-23 16:11:25.449977+00', false);
INSERT INTO public.links (id, category_id, display_name, url, favicon_url, display_order, created_at, is_archived) VALUES ('55612167-b94c-4eb2-9114-f409f34fb2e1', '1536dc14-89a8-4372-bfa1-22a7ee4e797b', 'Sněmovní tisk 199', 'https://www.psp.cz/sqw/historie.sqw?o=9&t=199', NULL, 10, '2025-10-23 16:11:25.449977+00', false);
INSERT INTO public.links (id, category_id, display_name, url, favicon_url, display_order, created_at, is_archived) VALUES ('3a9a63ca-3c18-49f3-979c-4d8f5207549a', '1536dc14-89a8-4372-bfa1-22a7ee4e797b', 'Eshop.maso-klouda.cz', 'https://eshop.maso-klouda.cz/', NULL, 11, '2025-10-23 16:11:25.449977+00', false);
INSERT INTO public.links (id, category_id, display_name, url, favicon_url, display_order, created_at, is_archived) VALUES ('337c6bde-8d00-431a-b362-c1b4abb8c4a1', '1536dc14-89a8-4372-bfa1-22a7ee4e797b', 'Dropick.cz', 'https://dropick.cz', NULL, 12, '2025-10-23 16:11:25.449977+00', false);
INSERT INTO public.links (id, category_id, display_name, url, favicon_url, display_order, created_at, is_archived) VALUES ('142e1f9d-912d-436e-8224-d4bfd780ce71', '1536dc14-89a8-4372-bfa1-22a7ee4e797b', 'Nejlepší převod textu na řeč online Nejlepší převod textu na řeč online - Speechify', 'https://speechify.com/cs/2022/10/20/nejlepsi-prevod-textu-na-rec-online/?landing_url=https%3A%2F%2Fspeechify.com%2Fcs%2F2022%2F10%2F20%2Fnejlepsi-prevod-textu-na-rec-online%2F', NULL, 13, '2025-10-23 16:11:25.449977+00', false);
INSERT INTO public.links (id, category_id, display_name, url, favicon_url, display_order, created_at, is_archived) VALUES ('b2bda0bd-4b3c-4b41-b99a-8eb6f8ae90d7', '1536dc14-89a8-4372-bfa1-22a7ee4e797b', 'AI - uměla inteligence MS', 'https://www.customvision.ai/projects', NULL, 14, '2025-10-23 16:11:25.449977+00', false);
INSERT INTO public.links (id, category_id, display_name, url, favicon_url, display_order, created_at, is_archived) VALUES ('1942ead3-e6de-4b6e-9c3c-cd4be5550659', '1536dc14-89a8-4372-bfa1-22a7ee4e797b', 'Kaggle', 'https://www.kaggle.com/', NULL, 15, '2025-10-23 16:11:25.449977+00', false);
INSERT INTO public.links (id, category_id, display_name, url, favicon_url, display_order, created_at, is_archived) VALUES ('8f4d589b-a13f-42f0-b901-883e5ea56fda', '1536dc14-89a8-4372-bfa1-22a7ee4e797b', 'Školení | Microsoft Learn', 'https://learn.microsoft.com/cs-cz/training/', NULL, 16, '2025-10-23 16:11:25.449977+00', false);
INSERT INTO public.links (id, category_id, display_name, url, favicon_url, display_order, created_at, is_archived) VALUES ('d932992a-a968-4135-a80e-b451bd1e3535', '1536dc14-89a8-4372-bfa1-22a7ee4e797b', 'Hvězdárna a planetárium Brno', 'https://www.hvezdarna.cz/', NULL, 17, '2025-10-23 16:11:25.449977+00', false);
INSERT INTO public.links (id, category_id, display_name, url, favicon_url, display_order, created_at, is_archived) VALUES ('c71d4bb7-93ba-43c7-962f-45be00987709', '1536dc14-89a8-4372-bfa1-22a7ee4e797b', 'Ceník služeb Parkers | Parkers s.r.o.', 'https://www.svjonline.cz/cenik.php', NULL, 18, '2025-10-23 16:11:25.449977+00', false);
INSERT INTO public.links (id, category_id, display_name, url, favicon_url, display_order, created_at, is_archived) VALUES ('993cc180-0566-4334-b440-ce3e5bc66db1', '1536dc14-89a8-4372-bfa1-22a7ee4e797b', '49" AOC AGON AG493UCX Gaming  - LCD monitor | Alza.cz', 'https://www.alza.cz/49-aoc-agon-ag493ucx-gaming-d6298174.htm?utm_source=heureka_cz&utm_medium=product&utm_campaign=heureka_cz_monitory_herni_ostatni-frekvence_wk247c', NULL, 19, '2025-10-23 16:11:25.449977+00', false);
INSERT INTO public.links (id, category_id, display_name, url, favicon_url, display_order, created_at, is_archived) VALUES ('ce2206c0-d85d-4abd-9077-a0683ed71dd1', '1536dc14-89a8-4372-bfa1-22a7ee4e797b', 'https://www.tsbohemia.cz/dell-kb-522-580-17678-_d245737.html', 'https://www.tsbohemia.cz/dell-kb-522-580-17678-_d245737.html', NULL, 20, '2025-10-23 16:11:25.449977+00', false);
INSERT INTO public.links (id, category_id, display_name, url, favicon_url, display_order, created_at, is_archived) VALUES ('cf6f2345-5a1c-4a09-bfa3-9faf3eabe223', '1536dc14-89a8-4372-bfa1-22a7ee4e797b', 'Doktor Šimeček', 'https://plpz.cz/', NULL, 21, '2025-10-23 16:11:25.449977+00', false);
INSERT INTO public.links (id, category_id, display_name, url, favicon_url, display_order, created_at, is_archived) VALUES ('699f3e22-dcda-40c6-a005-3cc93a5d8bf7', '1536dc14-89a8-4372-bfa1-22a7ee4e797b', 'Koloidní stříbro 14 mg Ag/l plastová lékovka 500 ml', 'https://www.sativashop.cz/koloidni-stribro-2/koloidni-stribro-500-ml/', NULL, 22, '2025-10-23 16:11:25.449977+00', false);
INSERT INTO public.links (id, category_id, display_name, url, favicon_url, display_order, created_at, is_archived) VALUES ('f5b319bb-9f2c-414f-bf3f-8a8cfa904c7b', '1536dc14-89a8-4372-bfa1-22a7ee4e797b', 'Nemoci léčené živou a mrtvou vodou', 'https://www.aqvoda.cz/nemoci', NULL, 23, '2025-10-23 16:11:25.449977+00', false);
INSERT INTO public.links (id, category_id, display_name, url, favicon_url, display_order, created_at, is_archived) VALUES ('002b021e-5617-4d78-8970-99734a8f91e7', '1536dc14-89a8-4372-bfa1-22a7ee4e797b', 'Skillmea - online excel skoleni', 'https://skillmea.cz/muj-profil/uzivatel/upravit', NULL, 24, '2025-10-23 16:11:25.449977+00', false);
INSERT INTO public.links (id, category_id, display_name, url, favicon_url, display_order, created_at, is_archived) VALUES ('fa07ca7a-c8a9-4ba9-a1f5-0a9989745e92', 'dcb761e0-e7ee-476b-9112-4f5395e66a0f', 'Bing - image create', 'https://www.bing.com/images/create?toWww=1&redig=A290D642DE534B09BEFB6D0022D327F1', NULL, 33, '2025-10-23 16:11:25.474338+00', false);
INSERT INTO public.links (id, category_id, display_name, url, favicon_url, display_order, created_at, is_archived) VALUES ('5217309c-ea17-4d51-8594-d213a18a3e4a', 'dcb761e0-e7ee-476b-9112-4f5395e66a0f', 'QR Stuff', 'https://www.qrstuff.com/', NULL, 34, '2025-10-23 16:11:25.474338+00', false);
INSERT INTO public.links (id, category_id, display_name, url, favicon_url, display_order, created_at, is_archived) VALUES ('3f47cca5-3da9-4ff8-bd7f-8cc0cb126925', 'dcb761e0-e7ee-476b-9112-4f5395e66a0f', 'PrehrajTO', 'https://prehraj.to/', NULL, 35, '2025-10-23 16:11:25.474338+00', false);
INSERT INTO public.links (id, category_id, display_name, url, favicon_url, display_order, created_at, is_archived) VALUES ('e7ecf5c3-c311-4420-a17d-48ec22bc60f3', 'dcb761e0-e7ee-476b-9112-4f5395e66a0f', 'ChatPDF', 'https://www.chatpdf.com/', NULL, 36, '2025-10-23 16:11:25.474338+00', false);
INSERT INTO public.links (id, category_id, display_name, url, favicon_url, display_order, created_at, is_archived) VALUES ('f7645830-a453-485c-8930-103d4fe33f89', 'dcb761e0-e7ee-476b-9112-4f5395e66a0f', 'Filmyzadara.cz', 'https://filmyzadara.cz/?s=hled%C3%A1+se+t%C3%A1ta', NULL, 37, '2025-10-23 16:11:25.474338+00', false);
INSERT INTO public.links (id, category_id, display_name, url, favicon_url, display_order, created_at, is_archived) VALUES ('5f011eb1-ff01-43f4-8538-3860412587e1', 'dcb761e0-e7ee-476b-9112-4f5395e66a0f', 'Adobe Firefly generator fotek', 'https://firefly.adobe.com/generate/images?id=643cc279-baca-48ed-a3bd-5d00b6e7588e', NULL, 38, '2025-10-23 16:11:25.474338+00', false);
INSERT INTO public.links (id, category_id, display_name, url, favicon_url, display_order, created_at, is_archived) VALUES ('70c814c6-30c8-44bc-8bd4-65e641e62160', 'dcb761e0-e7ee-476b-9112-4f5395e66a0f', 'Midjourney AI', 'https://midjourney.co/generator', NULL, 39, '2025-10-23 16:11:25.474338+00', false);
INSERT INTO public.links (id, category_id, display_name, url, favicon_url, display_order, created_at, is_archived) VALUES ('6982213f-fb66-46b0-b251-2cb97949d6ab', 'dcb761e0-e7ee-476b-9112-4f5395e66a0f', 'Luma AI', 'https://lumalabs.ai', NULL, 40, '2025-10-23 16:11:25.474338+00', false);
INSERT INTO public.links (id, category_id, display_name, url, favicon_url, display_order, created_at, is_archived) VALUES ('4b84a69e-cc6a-4104-92f8-2a774fe4c2b4', 'dcb761e0-e7ee-476b-9112-4f5395e66a0f', 'Diotima', 'https://diotima.cz/monit/app', NULL, 41, '2025-10-23 16:11:25.474338+00', false);
INSERT INTO public.links (id, category_id, display_name, url, favicon_url, display_order, created_at, is_archived) VALUES ('d034b181-422a-42e4-aafa-0682d497a91a', 'dcb761e0-e7ee-476b-9112-4f5395e66a0f', 'Chingu', 'https://chingu.fun/en/', NULL, 42, '2025-10-23 16:11:25.474338+00', false);
INSERT INTO public.links (id, category_id, display_name, url, favicon_url, display_order, created_at, is_archived) VALUES ('177244f1-3d55-4263-9c17-2931f2cf7cba', 'dcb761e0-e7ee-476b-9112-4f5395e66a0f', 'Presentace AI', 'https://gamma.app/create', NULL, 43, '2025-10-23 16:11:25.474338+00', false);
INSERT INTO public.links (id, category_id, display_name, url, favicon_url, display_order, created_at, is_archived) VALUES ('39ad6792-7073-40c6-94a4-d93d98dd9f06', 'dcb761e0-e7ee-476b-9112-4f5395e66a0f', 'Gernerovani VIDEA AI', 'https://lumalabs.ai/dream-machine/creations', NULL, 44, '2025-10-23 16:11:25.474338+00', false);
INSERT INTO public.links (id, category_id, display_name, url, favicon_url, display_order, created_at, is_archived) VALUES ('18a2b8ed-16c4-48b2-86aa-67b445340051', 'dcb761e0-e7ee-476b-9112-4f5395e66a0f', 'Photoshop | CANVA', 'https://www.canva.com/projects', NULL, 45, '2025-10-23 16:11:25.474338+00', false);
INSERT INTO public.links (id, category_id, display_name, url, favicon_url, display_order, created_at, is_archived) VALUES ('d52457f1-d8bd-438c-8917-d35d17700ab5', 'dcb761e0-e7ee-476b-9112-4f5395e66a0f', 'Suno AI | tvorba písničky', 'https://suno.com/', NULL, 46, '2025-10-23 16:11:25.474338+00', false);
INSERT INTO public.links (id, category_id, display_name, url, favicon_url, display_order, created_at, is_archived) VALUES ('c6899012-54b1-4141-9735-2574b774c4e5', 'dcb761e0-e7ee-476b-9112-4f5395e66a0f', 'API | GPT | Automate the impossible', 'https://pod.superface.ai/hub/settings/tools/config/google-sheets?context=api', NULL, 47, '2025-10-23 16:11:25.474338+00', false);
INSERT INTO public.links (id, category_id, display_name, url, favicon_url, display_order, created_at, is_archived) VALUES ('d0e2f042-ce64-46f7-ba99-fb746ae88676', 'dcb761e0-e7ee-476b-9112-4f5395e66a0f', 'Notebook Geminy', 'https://notebooklm.google.com', NULL, 48, '2025-10-23 16:11:25.474338+00', false);
INSERT INTO public.links (id, category_id, display_name, url, favicon_url, display_order, created_at, is_archived) VALUES ('259e6ab0-fd2f-441b-a498-cda6dda2bcfa', 'dcb761e0-e7ee-476b-9112-4f5395e66a0f', 'Pika Labs | generování videa', 'https://pika.art/', NULL, 49, '2025-10-23 16:11:25.474338+00', false);
INSERT INTO public.links (id, category_id, display_name, url, favicon_url, display_order, created_at, is_archived) VALUES ('9e7fec86-dfee-4457-8d6e-9b02c08798df', 'dcb761e0-e7ee-476b-9112-4f5395e66a0f', 'Perplexity AI | analýzy', 'https://www.perplexity.ai/?login-source=floatingSignup', NULL, 50, '2025-10-23 16:11:25.474338+00', false);
INSERT INTO public.links (id, category_id, display_name, url, favicon_url, display_order, created_at, is_archived) VALUES ('0c114a56-3361-4586-bfbd-a44df8ae5a6b', 'dcb761e0-e7ee-476b-9112-4f5395e66a0f', 'chat.mistral.ai/chat', 'https://chat.mistral.ai/chat', NULL, 51, '2025-10-23 16:11:25.474338+00', false);
INSERT INTO public.links (id, category_id, display_name, url, favicon_url, display_order, created_at, is_archived) VALUES ('f1f22b14-bbf0-4837-bb40-65873d705b4f', 'dcb761e0-e7ee-476b-9112-4f5395e66a0f', 'Úprava videa | Clipchamp Create', 'https://app.clipchamp.com/', NULL, 52, '2025-10-23 16:11:25.474338+00', false);
INSERT INTO public.links (id, category_id, display_name, url, favicon_url, display_order, created_at, is_archived) VALUES ('f789e97e-ca04-4de3-8a36-f0027a7bdc74', 'dcb761e0-e7ee-476b-9112-4f5395e66a0f', 'HeyGen avatar', 'https://www.heygen.com/', NULL, 53, '2025-10-23 16:11:25.474338+00', false);
INSERT INTO public.links (id, category_id, display_name, url, favicon_url, display_order, created_at, is_archived) VALUES ('12a5a32c-069d-4ffc-a221-435a94336383', 'dcb761e0-e7ee-476b-9112-4f5395e66a0f', 'Flow', 'https://labs.google/fx/cs/tools/flow', NULL, 54, '2025-10-23 16:11:25.474338+00', false);
INSERT INTO public.links (id, category_id, display_name, url, favicon_url, display_order, created_at, is_archived) VALUES ('fe9fe606-8aaf-4d53-a5df-2df5c02bd1a2', 'dcb761e0-e7ee-476b-9112-4f5395e66a0f', 'Gemini studio', 'https://aistudio.google.com/live', NULL, 55, '2025-10-23 16:11:25.474338+00', false);
INSERT INTO public.links (id, category_id, display_name, url, favicon_url, display_order, created_at, is_archived) VALUES ('10a4a340-4d83-4c31-9843-b2f1c20e0271', 'dcb761e0-e7ee-476b-9112-4f5395e66a0f', 'Node.js', 'https://nodejs.org/en', NULL, 56, '2025-10-23 16:11:25.474338+00', false);
INSERT INTO public.links (id, category_id, display_name, url, favicon_url, display_order, created_at, is_archived) VALUES ('62cc1ec3-c3e3-4417-a6b2-a3a0a0010148', 'dcb761e0-e7ee-476b-9112-4f5395e66a0f', 'https://vvv.kukaj.fi/', 'https://vvv.kukaj.fi/', NULL, 57, '2025-10-23 16:11:25.474338+00', false);
INSERT INTO public.links (id, category_id, display_name, url, favicon_url, display_order, created_at, is_archived) VALUES ('f4ae4b34-d2b4-4832-96b6-696b4658310c', 'dcb761e0-e7ee-476b-9112-4f5395e66a0f', 'laptops and netbooks :: yoga series :: yoga slim 7 14q8x9 :: 83ed :: 83ed000xck', 'https://pcsupport.lenovo.com/cz/cs/products/laptops-and-netbooks/yoga-series/yoga-slim-7-14q8x9/83ed/83ed000xck', NULL, 58, '2025-10-23 16:11:25.474338+00', false);


--
-- Data for Name: link_shares; Type: TABLE DATA; Schema: public; Owner: -
--



--
-- Data for Name: tags; Type: TABLE DATA; Schema: public; Owner: -
--



--
-- Data for Name: link_tags; Type: TABLE DATA; Schema: public; Owner: -
--



--
-- Data for Name: pinned_links; Type: TABLE DATA; Schema: public; Owner: -
--



SET SESSION session_replication_role = 'origin';
COMMIT;

--
-- PostgreSQL database dump complete
--

